ANONYMOUS_ID,STEPS,ENERGY_LEVEL,HRV,MORNING_SUNLIGHT,COLD_SHOWER,JET_LAG,CALORIES_BURNED,CALORIES_CONSUMED,MULTIVITAMIN,FIBER_GS,DAIRY_FREE,CAFFEINE_MGS,MEDITATION_MINS,FISH_OIL,FRUITS_AND_VEGETABLES
c974009d-d341-4a12-b7e7-194c4228c098,10689,1,91,no,no,none,1496,3411,no,24,yes,448,45,yes,yes
3d6eb4b2-0501-461d-8dff-23d54ece7bd6,3622,1,80,yes,no,none,1716,3432,no,5,no,493,24,no,yes
eaaa174a-a4e1-4ee3-9818-3ff6a3cae298,9230,4,49,no,no,minor,1847,3721,yes,12,no,125,44,yes,yes
01e84f3a-5015-472a-8b42-f468d01a3180,12140,1,94,no,no,none,1420,2808,yes,5,no,150,49,yes,yes
36901c54-9484-41a4-a06c-b94f45873c1d,19581,5,54,yes,no,moderate,1096,2287,no,21,no,71,20,yes,yes
b6d691d5-554f-42cf-8462-17edddc57585,10162,1,15,yes,yes,severe,580,2454,yes,7,no,236,52,yes,yes
f3dedc32-47b4-4bd9-b87c-0b33ce0964cd,7789,4,93,no,no,minor,1496,2093,yes,33,no,396,4,no,yes
f4499e02-da82-42f8-b513-4e530f424565,2254,2,32,yes,yes,severe,1032,2341,yes,24,no,264,24,yes,yes
199bc521-e059-4aa8-95fd-86801012aea4,16365,2,89,no,no,none,2000,1948,yes,32,yes,158,15,no,yes
23a1bd71-375e-49cc-b0b7-c12e0df8fb85,647,3,53,no,no,none,1171,3722,no,39,no,93,7,yes,yes
72f3f5b2-e26f-480d-ace9-a94a8c7088e3,13637,1,29,yes,no,minor,1655,1400,no,2,yes,249,19,yes,yes
2adfa3a0-2871-4b60-8c55-d43a557ee790,1540,2,53,no,no,minor,1483,3277,yes,21,no,395,5,no,yes
e6c6785c-3d37-486e-aadf-791202561d03,2921,1,19,yes,no,none,527,3881,no,5,yes,11,0,no,yes
72dc7b26-338e-41a6-b02c-d8c1144fffc1,6090,1,47,no,yes,none,631,2264,yes,2,no,358,52,no,yes
7cbc0b29-df9f-4bcf-8877-0ccf83d0c91a,11580,5,80,no,no,none,1984,3171,yes,24,no,270,53,yes,yes
7acda360-1585-45c5-b5b1-72dcf361b4d6,16837,3,19,no,no,minor,1019,3010,yes,20,no,239,26,yes,yes
61b81461-ecd8-4214-b6b2-0175199b35ef,6325,1,99,no,no,moderate,1094,1981,yes,8,no,12,5,yes,yes
65610cde-fd62-4df4-8c83-6ed652ac6891,10834,4,51,no,no,none,1746,1706,yes,24,no,399,40,yes,yes
90bb7e10-ab7c-461c-a0f8-a1c670a092df,2007,1,13,no,no,moderate,1194,2021,yes,5,yes,480,30,no,yes
20e1f256-e0f8-4d65-9a2c-d1dfe591476e,1175,1,90,no,no,none,1318,1998,yes,22,no,379,11,yes,yes
f43cc246-d774-4cd6-8ed7-15c3c7a75e05,2059,2,66,no,no,severe,1327,2815,yes,25,no,214,36,no,no
10845e90-b010-4bcf-b3cc-15ee3da36ba2,18709,1,45,yes,no,none,1293,1803,no,27,no,441,48,yes,yes
f80b265f-3c8f-4605-9282-6363c7b4fe00,1482,2,87,no,yes,none,854,3156,yes,39,yes,442,47,no,yes
00d45c70-0b04-4313-a282-468e94da73c9,9966,4,89,no,no,minor,1813,2615,yes,38,no,424,3,no,yes
d4602256-0697-4ebb-b54f-dc03ace903fa,2953,2,79,yes,no,moderate,446,2688,yes,27,no,103,8,no,no
0d690fd2-d624-4504-afc5-e7e4622e01f8,9103,2,18,no,no,none,1069,3421,yes,11,no,302,7,no,yes
faaf2582-0e8a-47d3-aa9a-5086bbba2085,3999,2,24,no,yes,minor,715,3537,yes,6,no,284,32,yes,yes
ff95b821-7676-466d-8d9b-1c3b54d6709b,3626,3,97,no,no,none,1226,3471,no,3,no,419,44,yes,yes
84641125-b170-454a-9b4f-a9bf21161145,15701,4,59,yes,yes,none,1475,1539,no,39,no,25,31,no,no
08bd7ef8-6f2d-4e23-8978-cf78eacd8296,15974,3,100,yes,yes,minor,1205,2504,no,5,no,194,59,no,yes
7b232b46-1953-47f9-a5d4-cc485012a741,7365,4,65,no,no,moderate,1040,1229,yes,26,no,250,13,yes,yes
9aff9bb3-e70f-4df6-a2e9-7aeff92c220d,4414,1,61,yes,no,moderate,1092,3734,yes,29,no,59,34,no,yes
e14c99e5-db80-4894-a662-c4af3595be65,17961,1,34,no,yes,none,1625,1624,yes,39,no,270,12,yes,yes
334b1d28-da9b-4d65-b0d3-6c1ab0e017fc,11741,3,36,no,no,severe,1301,1214,no,30,no,105,10,yes,yes
d40f687e-8c59-47a8-9b47-b82de666bcb8,12364,5,49,no,no,none,437,2442,yes,19,yes,300,47,yes,yes
923bf3b6-6149-4c02-9521-64e782729977,9009,3,77,no,yes,severe,359,3700,no,28,no,58,6,no,yes
c9cbebac-2ef2-43a3-9745-83d07b60c143,8902,4,10,no,yes,minor,1018,2075,yes,16,no,294,31,yes,yes
b4419330-e0be-4a45-92a8-33844a6cd5bc,535,4,87,yes,yes,severe,1071,2755,yes,39,yes,156,0,no,yes
dd9d3fc2-f528-4c2f-bafb-eb3d61fda99b,2748,4,71,yes,no,none,400,2055,no,1,no,115,37,yes,yes
4ca46edf-0dfb-461f-826b-2da7e7b128f9,14513,1,50,no,no,none,817,2724,yes,8,no,475,57,yes,yes
dd60cd7a-de47-48ab-b81c-0fd94c52fb24,17318,5,97,yes,no,minor,890,1406,yes,34,no,46,28,no,yes
9dac620f-20eb-4cd3-a41a-b30c6c2d0ac9,2758,3,38,no,no,none,693,2668,yes,28,no,438,25,no,yes
687e9abb-6d47-4094-8296-60de859dfa47,5008,3,95,no,no,minor,1052,2027,yes,27,no,116,34,yes,yes
9a207d7e-c5a5-4b7b-89b1-c0b90bf9e60a,14948,5,23,no,no,none,462,1365,no,28,no,292,41,no,yes
dc41751a-fcd6-482e-aa96-f5af7915b9fb,10630,5,37,no,no,none,1371,2681,yes,23,no,18,23,yes,yes
24310111-5afe-4c94-a856-8fd749f3dc1b,992,3,83,no,yes,minor,987,2989,no,12,no,104,24,yes,yes
be5b30dc-be06-4d14-8beb-cecf53dcec77,9456,5,31,no,no,minor,1451,1535,yes,30,no,302,43,yes,yes
7ef5f3a6-d412-4f70-90cf-2e04812d45b9,7614,4,57,no,no,minor,1254,1914,yes,5,no,432,34,no,yes
d319f477-ac24-4345-9868-71b5ecc1c825,11828,1,36,no,no,minor,1613,1688,no,17,no,386,17,no,yes
85835c48-8e76-45dd-b071-9e476ec9a893,16667,1,58,no,no,none,1384,1989,no,13,no,158,57,no,yes
e7bd2d44-1fb3-46d7-942c-fc4e736526ec,5458,3,100,no,yes,minor,910,3540,yes,1,no,475,15,yes,no
9ff5caaa-ff95-437c-8a51-65042b3f75f9,5632,4,87,yes,no,severe,603,2872,yes,12,yes,399,53,yes,yes
cd3a4442-9aff-4377-953f-d9a9f01530b2,577,5,75,no,no,minor,1876,3102,yes,20,no,16,43,yes,yes
dfec2862-e073-4b20-b6f6-6739cfdec47e,17095,3,40,no,no,severe,527,1680,yes,9,no,359,53,yes,yes
299246ce-59d0-4c65-b919-874ee162ccd9,4366,4,45,yes,yes,severe,1239,2247,no,31,no,319,39,no,yes
13d87beb-5995-4ec5-95b9-f38c827fb220,15712,3,42,no,no,severe,1768,1274,yes,27,no,101,24,yes,no
3e9c6ad5-ea2b-4f9e-9e8e-6b90b882e343,4382,2,92,yes,no,minor,1638,1576,yes,14,no,215,32,yes,yes
1ec9a70a-c8fb-4bb7-9933-1af830f798f7,9419,2,58,no,no,moderate,1948,1851,yes,33,no,371,17,yes,no
80281ef8-a925-4fdb-84da-13477069e2d0,7003,2,56,no,no,moderate,1280,1302,yes,33,no,310,7,yes,yes
f81295ab-877b-4382-a8a0-4a043eab98be,16768,5,49,no,no,none,1905,1881,yes,25,no,300,23,yes,no
ff74fa72-1214-4703-8bce-f49d52ffad9d,14671,1,18,no,yes,moderate,654,1348,no,26,yes,350,43,no,yes
4270eae1-da28-40b8-8b24-4ec0e3d4de5e,5915,2,77,no,no,severe,368,1723,yes,18,no,267,1,yes,yes
b8f3cbb4-4795-4def-ab8f-84ed41b70453,18022,4,20,no,no,none,1561,2488,yes,13,no,316,48,yes,yes
3762f461-d8b0-469c-b80a-46af8bd51a3b,7573,1,56,yes,no,minor,1314,3500,yes,7,no,475,7,yes,yes
a7e9171d-ac3c-4d3f-ad07-32244aa286f9,9635,4,18,no,yes,minor,1279,2046,yes,25,no,74,41,yes,yes
3a162d51-c4a4-4da2-bb1f-4a177b389338,1315,1,81,no,no,minor,789,3014,yes,11,no,318,25,no,no
56b4e408-9e45-45ea-96aa-3c45d7e37430,6107,3,76,no,no,severe,1191,1653,yes,20,no,48,56,yes,yes
c52aa181-0efc-448f-b731-ce7d37c04b6d,9611,4,74,no,no,minor,529,2682,yes,11,yes,270,3,yes,yes
ee4b4502-7343-4320-a314-c6e22264707a,4929,3,79,no,yes,minor,1376,3746,yes,14,no,45,2,yes,yes
6c4cb840-1f2b-4d18-8c34-4a31e944b8c0,1395,4,60,no,no,minor,837,2325,yes,12,no,216,5,yes,no
4c87b8d1-6b35-41cb-b775-6ab768f4ee4d,2956,1,84,no,no,minor,511,1573,yes,12,yes,268,20,yes,yes
c933d9f9-6421-4dc8-aeb0-8eff5e5cd99d,10152,4,13,no,no,none,632,3279,yes,36,yes,108,25,yes,no
524bc7b4-a870-4795-8400-a63b2524e386,10283,3,38,no,yes,minor,511,3509,yes,28,no,310,20,yes,yes
e4e1da11-1093-4197-b60b-cd5337cf8051,10019,1,53,yes,no,none,650,2024,no,30,no,431,38,yes,yes
fa18f64f-594e-454e-9a5f-511dd0a58697,2933,4,61,no,no,minor,1000,2242,yes,40,no,422,5,yes,yes
1ece1dac-feaf-43a8-b88c-a7f5bf4ab143,10524,1,15,yes,no,none,1679,3488,yes,30,no,483,34,yes,yes
4246ca9d-6b8c-4bee-9ab3-e22c1bc9434c,1468,2,75,no,no,moderate,1456,1912,yes,5,no,45,15,no,yes
03b2ca2d-3b86-4de0-b6b8-23f78b94f86d,18737,3,69,no,no,none,329,1560,yes,21,no,107,27,no,yes
983b5c70-5491-44fa-b283-55207e6c39ac,3199,1,89,no,no,moderate,1645,2906,yes,21,no,242,44,no,yes
fa6f8d53-59ca-487e-97e4-49bf03cfa524,8775,4,69,no,yes,moderate,814,1864,yes,7,no,114,39,yes,yes
994a1fd0-032c-4c56-9870-98872fc30d9e,4272,3,79,no,yes,minor,641,3428,no,38,no,107,30,yes,yes
87c2053c-cf71-4ee1-b07a-286c746a984d,8743,5,33,no,yes,none,1732,1213,yes,5,yes,484,48,no,no
5610439a-6181-4311-b572-e3317629ec9a,19821,2,87,no,no,none,860,1744,yes,22,no,58,58,yes,no
eb042cc7-df00-4473-90ba-7975647691c1,16255,3,16,no,no,severe,398,3885,yes,10,no,486,55,yes,yes
d88b4a4f-00dd-4ba1-b15c-f2f8519a98b4,900,5,73,no,no,none,1362,1867,yes,36,no,248,60,yes,yes
8b53afd4-0205-4cfb-af34-6d5296272ca3,7913,2,66,no,no,severe,1898,3401,yes,3,yes,305,44,no,yes
65a8c7c6-491d-4cfb-9394-7717927697d7,13503,4,36,no,no,none,404,2436,yes,30,no,500,54,yes,yes
ce678472-9896-43ac-9d72-ee28ad92a18b,11855,2,84,no,yes,minor,558,1750,yes,8,no,2,21,yes,yes
4ec266af-4598-463b-af70-7918f9874df1,12564,1,36,no,no,none,1284,1562,yes,31,no,120,15,yes,yes
77798585-349e-4a8d-96dc-b1775473cc73,17179,1,19,no,yes,minor,589,3092,yes,8,no,252,57,yes,yes
b9c36a65-b93d-4799-bd2f-49520dd60e31,9240,4,77,no,yes,moderate,874,1936,yes,17,no,458,25,yes,yes
aa232c75-d7e3-4ad9-81ff-0f3517a8e4be,10589,3,34,yes,no,none,1578,1270,yes,6,yes,457,25,yes,yes
a7eafe05-d006-4fc8-917f-0e003c3a57d9,17170,2,33,no,yes,minor,1502,2277,yes,13,no,291,49,yes,yes
4c794db4-8421-455f-9f6b-e6925552d355,6525,2,64,no,no,minor,1074,1487,no,4,no,234,6,yes,yes
2538b2b6-4c00-4a12-acc3-5f06c956ae9c,16751,3,34,no,no,severe,833,2143,yes,16,no,31,45,yes,yes
5e941bdf-aaed-4542-8831-627dce0392bb,4314,2,72,no,no,moderate,1928,3588,no,30,no,141,7,yes,yes
082a25ce-404f-4b83-a835-0a009fe527bb,15139,1,84,no,no,none,882,1337,yes,14,no,480,6,yes,yes
2e137f04-a15d-4413-88cb-494be52130b4,11125,1,55,yes,no,none,1662,2980,yes,10,no,385,33,no,yes
2ac21248-da05-4118-94fa-2a13eeeb5171,1311,3,72,no,no,moderate,1819,3838,yes,24,no,309,24,yes,yes
1a6f8896-5c28-4116-87b8-f668337bf703,4796,2,82,no,no,none,1902,1306,yes,35,yes,173,57,yes,yes
98e9cbbf-30ef-4582-b949-24f95333e2ca,10864,1,85,no,no,severe,1797,1890,yes,34,yes,241,53,no,no
8393ed4b-69eb-4e0b-89c7-e4f0687d3483,19638,3,55,no,no,none,995,3833,yes,1,no,263,16,yes,yes
ecf89186-ec29-47f6-b3c0-d44dafdcd41a,12495,2,85,yes,no,none,1888,3643,yes,21,no,295,51,no,yes
2b4f121f-12fc-4750-a713-581601b462c9,15847,2,42,no,no,minor,1394,1907,no,35,no,412,48,yes,yes
86dfe448-2bac-46c6-853c-62d61482577a,19228,1,43,no,no,minor,625,3891,yes,26,no,252,1,no,yes
4d0ddcaa-d3fd-4f47-9b18-cee136ebb9a8,4623,4,46,yes,no,none,1740,3542,yes,10,no,307,14,yes,yes
14e53027-4471-438f-8f36-096567dafaf8,6760,3,97,no,no,severe,638,3061,yes,35,no,445,52,yes,no
d172b53c-38f8-43ff-9d44-e01993d01d24,5082,1,57,no,yes,none,1022,1604,yes,1,no,208,44,yes,yes
bbb8bc65-aaa1-4079-af64-b08e01f5e641,12161,3,71,no,no,none,508,3495,no,6,yes,426,28,yes,yes
e3c221e7-4985-4b30-8d3c-1166aef4c0ab,4416,5,97,yes,yes,none,773,1305,yes,20,no,188,36,no,yes
9843736b-f871-4290-80a0-82076f01a02c,6875,2,79,no,no,minor,728,2974,yes,9,no,204,57,yes,yes
309d9737-a114-4ec3-8127-962c4c923dc7,16286,2,66,yes,yes,severe,1708,2952,no,34,yes,18,47,yes,no
3843ce73-c4e7-4de4-8efe-09d0b47a164a,14199,5,12,no,no,moderate,1699,2526,yes,38,no,298,48,yes,yes
5a962e02-6909-44d1-a91e-8de740704ebc,11735,1,63,yes,no,none,1616,3706,yes,13,no,309,31,no,yes
ddd89616-cc15-49d0-b3ad-6feafe5edef4,7222,1,66,no,no,severe,985,2670,yes,18,no,394,48,no,yes
cc039a2c-8760-451c-a869-68f9bd05c5d7,1847,5,84,no,yes,none,1350,1405,no,5,no,47,57,no,yes
3efc6f8b-b686-4de4-96be-a35cd9d66f98,6561,4,44,yes,no,none,1366,3853,yes,9,no,45,53,yes,no
8c85af0f-372e-48dd-829e-1d227a181e15,10525,2,66,yes,no,none,1860,3019,yes,32,no,151,7,yes,yes
9aec025b-64fe-4728-a99b-d23d3739b384,3679,5,39,no,no,minor,325,3917,no,36,no,460,2,yes,yes
6601966c-4300-44c1-a9c6-29434ed7b081,2921,3,17,no,no,minor,1987,2139,no,6,yes,231,32,no,yes
5b556705-3332-448d-a336-f81c4ce953d6,17727,4,97,no,no,minor,520,2291,yes,18,no,378,29,yes,yes
9d634971-28c3-41e7-a26c-2dc40e5adec3,8195,5,57,no,no,none,1321,2286,yes,13,yes,256,35,yes,yes
09636149-39eb-41a6-8268-7545d3c4fc3d,14899,4,10,yes,no,severe,939,1484,yes,33,no,355,2,no,yes
beff347c-22d7-45b7-88ab-30b6c565447a,9821,5,40,no,yes,minor,1146,2342,yes,1,yes,481,42,yes,yes
8b7cc598-23f0-45c5-91db-a672852490a2,11789,2,93,no,no,minor,622,3248,yes,13,no,242,24,no,yes
2a5c5c63-a4a6-42f0-b58b-c54db9760af7,15800,2,82,no,no,none,1465,3382,yes,20,yes,364,23,no,yes
e11dfda1-c28b-4540-8b56-cecb683c8c77,10626,2,17,no,no,minor,718,1401,yes,27,no,142,24,no,yes
e4697742-1bca-41c0-a697-f751daa5dfee,18515,4,61,no,no,minor,1800,2137,yes,16,no,269,36,yes,no
747220be-30b6-4b12-bd3f-b3719aae2869,4099,1,93,no,yes,moderate,1877,3325,yes,40,no,303,10,yes,yes
54b2711b-e11d-4f5f-9c64-a6041ce3eaf6,10154,5,32,yes,no,none,1080,3551,yes,32,no,430,59,yes,yes
9a6a4e9b-2e16-4566-93ec-9941fbce3596,16608,1,26,no,no,moderate,1342,2246,yes,14,no,337,8,yes,yes
4d3cc35d-f668-4113-ad69-df6c457423ae,17102,2,81,no,no,none,1836,2096,yes,40,no,238,48,yes,yes
272a1eb1-2a90-4a03-9af5-72316f41fd68,13277,4,96,no,no,moderate,804,2365,yes,36,no,472,46,no,yes
4d0f6dca-843e-437a-acff-4b27e88ae87c,11437,2,95,no,no,severe,1457,2480,no,16,no,286,27,no,yes
abc11de4-9739-44fb-b8d9-f1bb951d33ad,11315,2,94,no,yes,severe,323,1872,yes,18,no,477,39,no,yes
9d4af6e9-51d8-40c3-804e-755545ed9d23,3532,5,90,yes,yes,moderate,1820,1635,no,39,no,14,13,yes,yes
4e819a90-ceaf-4732-8b7c-7d6c4e7a2c5f,584,3,11,no,no,none,622,2178,yes,16,no,153,26,yes,yes
78a386d0-4105-452b-81f2-3c44a4ab5d5c,2667,3,55,no,yes,minor,1197,1225,yes,23,yes,306,60,no,yes
b2df8be9-54de-4377-b76f-8bfa21c4fce0,13723,3,20,no,no,none,1748,3736,yes,35,no,355,23,yes,yes
88f247cd-4e31-45a5-98f7-003308fa8d06,11896,3,27,yes,yes,none,1283,3479,yes,25,no,28,28,yes,yes
ac10dc8c-dd5a-43e0-b15f-46949c10b7f0,11648,1,15,no,no,severe,834,2513,no,38,no,155,38,yes,yes
a39ecd0f-82fe-47ee-bb82-c939c0f22863,1196,4,45,no,no,none,1345,2666,yes,25,no,222,56,no,no
848e4de0-607c-4021-b8c0-8f9e614fb0e4,10113,3,99,yes,no,none,666,1956,yes,17,no,142,3,yes,yes
f7524462-3b92-4f6e-8aa0-40fe7e103628,1960,1,70,no,yes,none,1094,3102,yes,26,no,310,38,no,yes
ed4853c0-752a-4c2f-8938-34305f7f2390,8403,3,65,yes,no,none,1511,2740,yes,36,no,417,59,yes,yes
ffb69b4b-ee22-4e90-af3a-f40b1eaf3042,19648,4,47,yes,no,none,1863,2111,yes,35,yes,263,34,yes,yes
981a6de2-fede-46c7-9a4b-aae6372953b5,10521,2,26,no,no,minor,1555,3632,yes,27,no,224,11,no,yes
ee3aa660-cb48-40c2-82e3-beea0ac58475,4569,5,36,no,no,none,1014,3856,yes,4,no,266,19,yes,yes
63902c87-dc69-4e48-a241-b38d2b0f3b48,13416,1,91,no,no,severe,954,2746,yes,40,no,388,55,yes,no
f1c26126-b4ca-46e8-b7b0-28b6c39cb466,12703,1,80,no,no,none,793,3972,no,16,no,7,1,yes,yes
c195d56d-d368-4f02-a08d-c569260f73f7,7075,4,52,yes,no,moderate,989,2900,yes,35,no,394,9,yes,yes
2e8af7ed-2f15-4371-9573-0e2e41fb762d,4932,4,97,yes,yes,none,966,1663,yes,20,no,91,34,yes,yes
bb42d9e0-f10d-44ce-a1be-18b226bc592f,14670,1,37,no,yes,minor,546,1216,yes,39,no,322,9,yes,yes
f11b1c26-8a7e-4201-99cc-15e4b5387126,16142,3,47,no,no,severe,1197,2844,yes,39,no,133,19,yes,yes
6811b690-562b-40c7-bc96-c611b5bbe96b,16037,1,74,no,no,minor,1756,2257,yes,18,no,62,8,no,yes
27823ca7-c1e9-4320-a80d-825beac37991,7565,4,100,yes,yes,none,1550,1227,yes,15,no,389,18,yes,yes
aea5520d-f74b-4d6d-a4c2-e59575cf9052,16122,4,22,no,yes,moderate,318,3775,no,38,no,245,3,yes,yes
356c8bc1-39db-46dd-8d64-68e7428263e4,9303,2,53,no,no,none,1947,2557,yes,36,no,89,3,yes,yes
cad8206c-bfb6-406b-bdf6-234d1a478be9,8548,5,97,no,yes,minor,1899,3718,no,32,no,94,18,yes,yes
65329232-e371-4296-afe6-50924c728a20,5224,4,46,no,yes,none,1987,3956,yes,8,no,28,2,yes,yes
cbc91cb0-3b1d-4207-99f3-c05b2c517ace,12784,5,35,yes,no,moderate,1514,1212,no,15,no,434,30,yes,yes
2ea6ab58-6e90-46f0-81f7-a8a240859beb,10459,3,93,no,no,minor,539,2955,yes,12,no,82,55,no,yes
108402c9-4693-44d8-a7a0-610c20379788,12763,5,23,no,no,minor,375,1695,yes,17,yes,83,49,yes,yes
0e7ecd09-1079-442b-98c0-2184af423095,12720,3,59,no,no,none,1557,2976,no,10,no,2,30,no,yes
9ba830ff-1a2d-422e-b67e-062ae7391fcf,11154,3,99,no,no,moderate,1245,3516,yes,10,no,213,20,no,yes
087c8ec3-370a-4cab-b72a-74c515c9ec3f,10174,3,12,yes,no,none,723,1555,yes,8,no,287,27,yes,yes
92beba8e-c279-4bb8-9247-1bc3104ff1e1,13775,4,49,no,no,none,1762,2615,yes,1,no,176,60,yes,yes
d71f1a6e-0f3e-42bf-8573-9824ff8a5b54,2866,5,80,yes,yes,moderate,1662,1412,yes,11,no,295,11,no,yes
cbc1ea3c-3a95-404b-aba6-95ed46a3dcc3,6450,5,37,yes,yes,none,883,2795,yes,20,no,194,47,yes,yes
b9c4e14b-b34d-499d-ac04-bf5ade3b6d4c,16669,1,56,no,yes,minor,1791,3607,yes,25,no,374,1,no,yes
af129cd6-afe2-4189-bb45-0c6fd1a6ad18,9942,2,73,yes,no,none,850,2589,yes,31,no,324,41,yes,yes
6fc7db86-5196-44a8-aaf1-871e98826475,10448,4,98,no,no,moderate,1565,3110,yes,20,no,70,55,yes,yes
53229e14-cdbb-49b3-a66e-017b7d98d5c4,3240,2,61,no,no,minor,757,3530,yes,22,no,471,5,yes,yes
75e3fd1c-47c6-4637-bd2c-e9b3ea3878c0,5560,2,91,no,no,severe,1639,2017,yes,23,yes,355,8,yes,no
0db1357a-c564-472c-8031-e12f42a74ae6,9959,1,77,no,no,moderate,887,2948,yes,38,no,170,33,yes,yes
30ccd9b3-52ca-430e-93de-83520d77cd1c,2326,4,33,no,no,severe,1805,3310,no,3,no,346,33,yes,yes
7c53a32b-8bd9-401e-a4e3-114c570a87f7,14620,5,71,yes,no,none,1875,2183,no,12,no,34,30,no,yes
7878d793-4095-4196-8cb9-0931ea1a6a19,16710,4,94,yes,no,moderate,1198,3640,no,18,yes,119,6,yes,yes
ee202b13-de5b-488c-8a83-b4e2fd1567ff,815,4,72,yes,no,moderate,800,1252,no,4,no,354,33,yes,yes
2d2a8145-b9b3-4b1d-8a17-1d089f62b9c0,9116,2,65,yes,no,none,1707,1755,yes,32,no,402,21,yes,yes
7176f60b-023f-480c-aaa0-5ce692869a22,14051,5,21,no,no,minor,1147,3194,yes,18,no,190,17,yes,yes
01857a19-7275-4b4c-b033-746d58961ad0,16061,3,98,no,yes,minor,385,1242,yes,22,no,258,0,yes,no
de666746-bffa-48a7-8754-a7d9dccc9f57,4133,1,23,no,yes,severe,1455,1874,yes,30,no,409,0,yes,yes
8757e027-7240-4748-96cf-ad969c9a84df,14150,4,35,yes,no,none,657,3290,no,20,yes,369,48,yes,yes
a4e0df79-df58-4133-9ddc-27cde911326c,7483,2,72,no,no,none,984,1387,yes,16,no,442,23,yes,yes
cb99ec33-1f41-41df-b37e-feadd6aa6fcc,9635,2,62,no,yes,moderate,369,1666,yes,31,no,435,37,yes,yes
79e1d92f-e669-44a6-8e14-607d9f384f8a,13780,2,40,no,no,none,1927,3116,yes,2,no,181,47,yes,yes
9aeb80f6-b29b-4b98-b4cf-211671c365c1,17212,4,25,yes,no,none,1599,3802,yes,23,no,436,41,no,yes
c46014a2-237b-4436-9a86-45785e68f6e8,7025,3,80,no,yes,none,312,1276,yes,11,no,39,50,yes,yes
4e31dcf0-4ca0-4c75-8eee-6253154b48ba,3759,4,22,no,yes,none,1075,2362,no,20,no,67,8,yes,yes
d1b20488-07d1-4803-bbbd-cab003b0863b,12282,1,19,no,no,none,1760,2315,yes,36,no,220,1,no,yes
5ef496f2-388d-459f-8138-c04e2be0baf0,1928,5,90,no,yes,minor,1376,2785,yes,5,no,487,41,yes,yes
a80e26ae-7328-4a6b-a3d2-462d6e505517,19489,3,71,no,no,moderate,1989,1504,yes,26,no,5,6,no,no
0f241949-0185-428b-85bd-a7bcff3927b3,14300,2,18,yes,no,minor,1447,2940,no,2,no,139,14,yes,yes
1dd2ebb5-bf2c-44df-923a-0f9adf11c82a,9428,4,85,no,yes,none,1996,2369,yes,27,no,236,32,no,yes
3ba926e0-ff76-44cc-8a4f-533df0e382e5,8245,4,93,yes,no,severe,1244,2694,no,40,no,122,43,yes,yes
2d64de2b-f53f-4884-8d5f-967fb4d8f88f,10486,5,33,no,no,minor,1485,2868,yes,28,no,150,17,yes,yes
d9c94da7-7e67-45e7-8502-a6ddf46f7c36,4333,5,67,yes,no,moderate,917,3062,yes,10,no,414,14,yes,yes
1afb4d39-d83a-4b60-ae73-c88dbcdb318b,12796,4,64,no,yes,moderate,1449,2578,no,37,yes,195,17,yes,yes
61ee064d-41d1-4790-a887-9b03d437375f,14169,3,55,yes,no,none,955,3172,yes,15,no,300,36,no,no
c096c5e5-2d33-4269-a89d-8798ab334e8a,8768,5,10,yes,no,minor,902,3669,yes,20,no,343,45,no,no
028cefa2-a6f4-473e-907a-2dfb4626cf23,19751,1,69,no,yes,minor,1618,2884,yes,28,no,409,4,no,yes
070414fe-d3e8-4a5d-b327-f22fa71d2b61,19764,4,78,no,no,severe,784,1698,no,9,no,397,43,yes,yes
776774ef-5e2f-43c6-b966-696fbd416b18,11876,1,91,no,no,minor,1766,1739,no,33,no,293,5,no,yes
3d58619d-a771-4e71-b592-e79884798f90,8252,4,14,no,no,minor,818,3873,yes,36,no,318,39,yes,yes
6b528ae0-06b3-4fa3-8e37-b0a6643e10a4,18331,3,51,no,no,none,1903,1748,yes,14,no,89,38,no,yes
8d792a8a-2a89-44b0-aa6a-e3c6e75884e8,16899,2,47,no,no,minor,1598,1818,yes,17,no,231,42,yes,yes
dd572457-b60e-4289-bba9-57677c39f67b,5933,5,44,no,no,minor,879,2948,yes,37,no,416,36,yes,yes
31fe8b7c-3e0d-4a38-b683-75e2e02dfe75,16676,1,66,no,no,none,462,3268,yes,39,yes,83,54,yes,yes
d4b1eaae-8fed-4e13-a006-25ac0b94c4ed,10448,1,64,yes,no,moderate,1192,2496,yes,28,no,447,22,no,yes
fccfe99a-c08f-4227-9b7a-94e16f39e769,3105,4,33,no,no,moderate,570,3246,no,16,no,69,39,yes,yes
81ede880-903d-447a-8726-3cd1f767eaf2,1689,2,61,no,yes,minor,860,1863,yes,20,no,97,44,yes,yes
e44b1f10-fb46-4999-b9db-4d52f69902ff,5279,4,44,no,yes,moderate,1898,2462,no,23,no,261,29,yes,yes
4237ad51-a374-4933-97e6-4bc786a56d39,8209,4,10,yes,yes,none,1799,2066,yes,32,no,435,53,yes,yes
3b97265e-d368-4d95-a0cc-b0683269c687,6228,5,34,no,no,none,1255,2338,no,1,no,267,1,yes,yes
59ab476a-e787-4d89-9053-2ca59a85c75d,1532,3,79,no,no,moderate,1522,1923,no,27,no,474,24,yes,yes
2b1719cf-13a7-480a-a201-6cfc2ff1ddd6,5007,1,12,yes,no,minor,1345,1308,yes,15,no,317,8,yes,yes
ad960dcf-18f9-48f1-812f-4ac1ec9610a0,3025,3,45,no,yes,none,1061,2481,yes,4,no,55,58,no,yes
26981d29-4103-471b-9cdb-7ca3cfe81ec4,17488,2,84,yes,yes,moderate,780,3840,yes,18,no,197,54,yes,yes
1a58c686-3184-428f-8c8f-af64b1ab8121,14625,2,29,no,no,minor,1096,2551,yes,7,no,376,48,yes,yes
6a1751db-bb0b-4ed7-8220-373632bd141a,15423,3,12,no,no,none,1107,3988,yes,28,no,360,58,yes,yes
ed1f0c35-5e76-4faa-80b2-a5db59c86724,11586,3,94,yes,no,none,419,1632,yes,10,no,237,6,yes,no
8520ca15-fddc-4c4b-ae8d-69097f4925e6,16892,4,90,yes,no,none,1637,2191,yes,4,no,310,57,yes,yes
e806bd72-205b-43f4-affc-efb2dd9c2536,18801,2,81,no,no,none,1964,2951,yes,11,no,284,51,yes,yes
237267dc-d010-421c-986f-25afe5793060,6463,1,66,no,no,moderate,1748,3914,yes,34,no,240,23,yes,yes
1c460a14-f1e7-4f53-a07a-1fe3569e65c3,16533,5,67,no,no,none,954,1870,yes,17,no,280,27,yes,no
5e76cb52-c04d-40c8-8409-725efcd34151,2181,5,44,no,no,moderate,1998,1353,yes,2,yes,407,28,yes,yes
d1816ff3-1210-4a27-b289-86bc95efd345,12003,2,12,yes,no,moderate,581,2921,no,17,no,262,16,yes,yes
80df1b25-19be-47e3-a281-7a7cfb344801,12667,3,34,yes,no,none,957,3757,yes,35,yes,386,27,yes,no
114c69ad-1430-4546-bc12-658de381ff31,16801,4,32,no,no,none,941,3970,yes,14,no,339,13,no,yes
e541be52-b1ac-47b7-9554-7114a2450181,19808,2,46,no,no,minor,988,2268,yes,4,no,497,50,yes,yes
3a8e4e17-143f-4ca0-8bb0-5aef13c4c7bf,16944,1,32,no,no,moderate,1772,1652,yes,29,yes,419,25,no,yes
5c59954f-9948-4bbe-815f-26adcba30d36,14063,4,91,no,yes,none,1360,2693,yes,32,yes,99,26,no,no
2681c0a1-24a5-4132-9031-8674b106d349,16204,5,12,no,no,severe,1717,3294,yes,5,no,287,25,yes,yes
2426a4c9-4af1-4ca5-a173-f103539850cd,8669,4,56,yes,yes,none,1105,2633,yes,24,no,107,17,no,yes
93727ea5-5102-4512-9e10-498756af6035,9586,2,95,no,no,minor,1019,3357,yes,34,no,37,14,yes,yes
1bc0f1c7-2a47-4f75-9fb5-fd400af9e2ad,8077,3,62,yes,no,minor,1153,1526,yes,38,yes,379,36,no,yes
1d4abab5-993f-4606-9ea3-b3a4e354bacd,14342,1,16,no,no,minor,1902,3625,yes,22,no,194,34,yes,yes
74d3b371-c914-400d-b8f4-44e04429f4b9,7220,3,80,no,no,none,1296,2022,no,21,no,426,27,yes,yes
27db100a-da6d-4401-b153-e1df60e5c03b,5848,4,12,yes,no,none,1089,2892,yes,38,no,215,35,yes,no
9e251553-886d-4486-825d-8cba4eb65dc5,11646,4,24,no,no,minor,375,1299,yes,12,no,233,0,no,yes
3423e95c-500e-4052-853b-6663a2baaa24,4838,2,62,no,no,severe,1327,2663,no,39,no,108,0,yes,yes
02e0ac2f-0da7-405c-9e72-20369ac31d33,10834,5,99,no,no,moderate,428,2470,yes,13,no,375,55,yes,no
614b7645-a0e5-445b-919b-710e28ea1e0e,5947,3,62,no,no,none,1289,1914,yes,11,no,413,33,yes,yes
2b3f244f-46a5-4b32-b674-b5e09f9302f7,19271,4,62,yes,no,none,1348,3015,yes,9,no,171,60,no,yes
61c5588d-f104-40bd-895e-7be886bc6630,2174,2,24,yes,yes,none,1800,2042,yes,26,no,8,54,yes,yes
e267fadf-ceeb-41eb-a17b-3290c545685b,664,3,15,no,yes,moderate,711,2890,yes,12,no,475,50,no,yes
1fffeee4-5762-47ec-93f5-17873cb00063,1800,4,48,yes,no,minor,1861,3379,yes,23,no,270,14,yes,yes
6a646d5e-6967-4f58-ae9f-2bf0530dce13,7194,4,93,yes,yes,minor,962,3985,yes,13,no,137,51,yes,yes
b4237045-dd58-4e0e-8032-18d2d44c7ef7,3445,5,77,no,no,moderate,1281,1930,no,7,no,264,51,yes,yes
928ab55e-e2c3-40d2-ac26-bcea145b2d00,11199,2,60,no,no,severe,673,3639,no,14,no,408,21,no,yes
2b9e45b5-5cc6-4b93-bdc7-e7de4c8e0290,582,5,75,no,yes,minor,1338,3605,yes,38,no,430,36,yes,yes
00b48e35-9537-40d6-8bd3-5d39cc628dbd,2858,5,81,yes,no,minor,1783,2372,yes,7,yes,420,37,yes,yes
a5cd2171-90f4-4ddb-a9ce-a1e2c12921d0,2662,1,40,no,yes,severe,382,2039,yes,6,no,305,28,yes,yes
a896bc1c-cb97-4fa1-9219-8fd557a09b09,14159,4,87,no,no,none,1932,1346,yes,7,no,190,39,yes,yes
c2a3bb42-d127-47db-b258-17a17940a741,12239,5,25,yes,yes,none,1836,2980,yes,11,no,255,35,yes,yes
dce92b27-3d25-449c-9a52-ce45d298b7d9,17123,1,52,no,no,none,486,3460,yes,23,no,173,6,no,yes
4b7c8969-00ca-4d32-b7eb-a57808db8057,10984,5,17,no,no,none,1461,3450,yes,6,yes,194,39,yes,yes
8eb5883f-ff8f-4ef7-9a14-ebceec4b6981,7306,3,32,no,no,minor,1329,2785,yes,37,no,133,40,yes,no
e0e282ad-33bd-421b-9619-45ec20e6fe0e,4494,1,57,no,no,moderate,565,2144,no,33,no,39,51,yes,yes
838b53dd-4cb3-4328-8950-95e872478554,9204,5,34,no,no,none,1748,3341,yes,35,no,415,48,yes,yes
0cd8618d-532b-4ffc-969f-ffa30007aeec,735,3,81,no,no,none,1600,2790,yes,38,no,135,40,yes,yes
658a09aa-ccad-4f49-a2d2-d402c63d38c7,15971,5,82,no,no,none,882,3907,yes,11,no,132,9,yes,no
8f55871f-3121-4b5a-8b7f-7be01dfb6f96,4683,4,53,no,no,none,1646,3362,yes,16,no,495,58,no,yes
35679546-c93d-490b-a190-d0e267f32378,17381,4,98,yes,no,moderate,762,1880,no,13,no,123,31,yes,yes
90a7c31d-71ae-4314-b3a6-1fce76541f06,16826,3,18,yes,no,none,372,3993,yes,24,no,127,6,yes,yes
f18646bc-93ae-4a13-a599-ac6998a79e8c,19134,3,33,no,no,none,1731,3797,no,9,no,49,44,yes,yes
6af198fc-4ace-4103-87ca-0578bb2bdbab,6154,5,94,no,no,none,1555,2038,no,13,no,141,52,yes,yes
49e45485-530d-41d0-9ac2-095b64b9bb08,16316,4,82,yes,no,moderate,1122,3725,yes,13,no,122,26,yes,yes
541864e5-6efe-4a06-9f37-9581721d5b8e,2723,2,52,no,no,moderate,867,2853,yes,7,no,219,0,yes,yes
1bc40042-b02b-4b7d-82e1-a224ecb722f8,8671,3,92,no,yes,none,451,3630,yes,21,yes,318,46,yes,yes
08373033-b289-4e9f-bb5e-3a35a7797f6c,11048,4,35,yes,no,minor,688,1794,yes,10,no,434,58,no,yes
a7aeebe5-22ed-434d-b740-daeff2d5bdd1,14673,1,32,yes,no,minor,1102,3588,yes,35,no,144,17,no,yes
149e142f-7988-4ab4-b958-777091f72b02,8262,5,24,no,no,moderate,656,2878,no,40,no,402,54,no,yes
88d86acd-d346-4056-9779-ef3bc4607648,4462,3,12,no,no,minor,1470,2219,yes,17,no,15,40,yes,yes
7ca9ff44-f2bc-4d7f-88c4-9e6fcaaf26bd,8942,1,28,no,no,none,1634,1411,yes,6,no,348,60,yes,no
10ac6504-cd31-4339-93e7-335bb84ee15d,19666,2,40,yes,no,severe,567,3427,yes,13,no,485,34,yes,yes
da673129-ba34-4aeb-8855-fd02c3470ca4,14152,3,88,no,no,moderate,1867,2677,yes,28,no,39,38,yes,yes
cf0460fc-783f-4d2e-a144-1f6b35e5e4a1,7547,2,80,yes,no,minor,752,3748,no,13,no,137,8,yes,yes
5561db4c-298f-4759-b144-a8aca331a941,6184,2,58,no,no,none,1825,2160,yes,7,no,24,4,yes,yes
5dc52090-194c-4a99-9010-623fa4f0fa0e,3481,1,64,no,yes,none,785,1630,yes,28,yes,125,50,no,no
1df2fd68-ff1d-4bc7-8138-5f69f9f563cd,18553,2,89,yes,no,moderate,986,2145,yes,36,no,341,29,yes,yes
978771a5-765b-4a06-8f6b-a3f03b29dafa,7267,4,37,no,yes,none,879,3953,yes,27,yes,395,59,no,yes
d6ca65b1-5ea5-4d56-a8ca-8420153c2f9d,4995,4,95,no,no,none,1243,3006,yes,16,no,262,24,yes,yes
f46c603c-70d1-45b8-a11f-8cfda57b8eba,6290,2,29,yes,no,minor,1863,3938,yes,14,no,165,2,yes,yes
cb17cfbf-11f5-4e21-87e5-90bfa19dad0f,5421,4,100,yes,no,minor,1647,3206,yes,13,no,143,29,yes,yes
7b478dbf-7551-4219-9b65-1b3153c1e002,15017,2,14,yes,yes,moderate,1839,2823,yes,11,no,142,14,yes,yes
3f86651d-15e9-453b-a935-b5e0b2085bfc,18102,5,33,no,no,moderate,1642,2459,yes,36,no,269,28,yes,yes
840822ea-aac1-4a72-bfc6-03806f520a2a,5725,5,88,yes,no,none,1403,3803,yes,17,yes,279,54,no,yes
c150651c-0ba8-485d-bca6-c6a10d52d5ce,12574,3,74,no,no,moderate,350,2827,yes,11,yes,127,45,no,yes
4d56ac06-aa3a-48cf-a5ac-51db8e239db5,2016,4,52,yes,no,none,1865,2019,no,21,no,83,51,no,yes
ccdf9ef4-c86d-493c-926f-f20a6bc008c6,17708,5,43,no,yes,none,1757,3416,yes,7,no,219,59,yes,yes
984308e2-0ca2-49b2-9228-9b776442c6b7,16700,4,65,no,no,moderate,833,3000,yes,19,no,273,27,yes,yes
ca996cbc-b3e6-4da4-8bfa-f07ae1a21446,9752,5,54,no,no,severe,660,2698,yes,10,no,129,15,yes,yes
c3fa8d0a-d268-48c1-99dd-10609337b568,3290,1,61,yes,no,minor,1626,2580,yes,34,no,70,37,no,yes
47f17ff2-bfb3-442f-b5fc-d66b91e2fabb,9061,5,87,yes,no,minor,1341,3433,yes,16,no,360,37,no,yes
e336051c-e55f-4107-949c-8a657433b36f,16664,1,14,no,no,none,1275,2768,no,10,no,263,13,no,yes
38e81542-24bd-46e0-8081-94b5d882c04b,11750,3,50,no,yes,moderate,1707,3677,yes,22,no,210,37,yes,yes
b11f7cd9-5de1-42e7-ad32-0c48d7a91791,8963,3,64,no,no,minor,412,3765,no,22,no,445,30,yes,yes
25c145b3-dd10-4fb4-a9c3-da3f309d7c3b,4030,1,92,yes,no,moderate,813,3249,yes,17,no,107,13,no,yes
1ade2c4a-ff80-434b-a7af-029f2bbf3822,13189,5,16,yes,no,none,1486,2460,yes,36,no,423,59,no,yes
c8100e26-accc-4bb8-8bb6-f3ac327b18b8,7168,3,81,no,yes,moderate,1325,1843,yes,29,yes,167,35,yes,yes
32dbe391-350e-44fc-b87f-4a9a3c4f7418,16730,3,56,yes,no,none,370,2877,no,22,no,97,0,yes,yes
ca6ec0ba-57e7-4c3d-b73f-f20c8d934b1f,11661,2,27,no,no,none,855,3727,yes,37,yes,448,25,yes,yes
5b26b22d-33a0-4273-85f1-3535cca3cea1,14702,4,17,no,no,none,1461,1805,yes,17,no,167,58,yes,yes
f1b72944-28e0-40f5-ac95-028c45fbbbdd,3910,3,97,yes,no,severe,942,3551,yes,26,no,107,36,no,yes
6fd26abb-6fa4-4702-8021-a1b005d81227,18301,2,13,no,no,moderate,303,2291,yes,1,no,147,2,yes,yes
256b20e6-756b-49aa-bf0e-df18c791b27f,15198,5,86,no,no,none,1023,2226,no,17,yes,91,33,no,yes
a0c98023-ac28-439e-a804-ae3b6f5d53c5,14080,5,38,no,no,none,1449,2654,yes,34,yes,88,49,no,yes
a0770592-d163-4565-8976-2f33baec7cf2,19569,3,35,no,no,none,1119,2222,no,24,no,443,52,yes,yes
ee3310f1-f46a-49db-ac89-9c0a97fc77cb,17859,5,22,no,no,minor,851,2402,yes,20,no,78,45,yes,yes
1278e315-4807-4886-bbde-d40708924e77,14578,4,75,yes,no,minor,773,2916,yes,21,no,46,1,no,yes
c0c4ddda-7370-4a09-a565-3702753ea2e6,3832,4,93,no,no,minor,1685,3411,yes,25,no,336,27,no,yes
139a3562-f8c9-4c6d-b90e-5b4724d494a0,1704,5,61,no,no,none,1803,3530,yes,33,no,209,3,yes,yes
6d7fbaf9-4942-4814-b5bb-8370b321cbdf,8834,5,26,no,no,minor,1698,1518,no,28,no,322,45,yes,yes
f04b8fff-f855-4186-aa6c-66fd638c640e,17546,4,14,no,yes,minor,1335,1659,yes,25,yes,61,31,yes,yes
c69e6314-b277-45b3-9a85-87a1959b51ef,13735,5,11,no,no,severe,1483,3525,yes,21,no,360,10,yes,yes
a49ea3d0-1952-4ff4-b5b7-ef34d9969e13,10077,3,98,yes,no,minor,749,1850,yes,3,no,306,1,yes,yes
6b035d6e-a4f7-43ad-ae95-b99415d7a898,16177,4,33,no,no,severe,935,2843,yes,11,no,479,7,yes,yes
656f70d7-fee2-4bcc-b43e-108ecfeaf7ae,2451,1,16,yes,no,none,614,2517,yes,27,no,59,20,yes,yes
a9cad65b-8262-4808-88dd-eb5fbb921182,5433,1,66,no,yes,minor,982,1594,yes,37,no,486,40,no,no
b8e4bacd-b2b0-43cd-961d-56e50614e74f,7112,5,95,no,no,minor,330,3233,no,29,no,491,58,yes,yes
e76e5730-0fbc-417d-b4ca-7b46bf2a6904,8187,3,21,no,no,none,1665,1434,no,14,no,392,48,yes,yes
dc61b325-378b-4a62-b7ff-c1912421a3b6,15702,2,28,no,yes,minor,394,3168,yes,37,yes,431,21,yes,yes
0d8cd566-f02a-427e-b10b-c348d236f9c3,18715,3,51,no,no,moderate,1870,3742,yes,5,no,379,36,yes,yes
f6c73964-b1ae-45d0-93a3-37a99f5eabe2,4990,4,96,no,no,none,1542,1782,yes,27,no,137,21,yes,yes
799c9896-0c21-4e5d-aa6c-f2d71f196c75,4723,3,26,yes,no,none,638,1929,no,32,yes,370,8,no,yes
c38bb9a5-f0c4-46d5-b475-e21b0b99c000,2590,3,44,no,yes,none,805,1875,yes,22,no,183,56,yes,yes
38267236-c13b-4cfd-b1de-e130d4238345,6129,2,42,no,no,minor,442,2815,no,26,no,116,33,yes,yes
5659e470-c74a-4b08-94ef-61f3303c65e4,5118,4,63,no,no,none,823,3884,no,10,no,420,22,no,yes
717cbbb1-6bf7-499b-bc22-db66876af004,3114,1,56,yes,no,none,760,3012,yes,16,no,453,6,yes,no
288c45c9-927a-423f-a9af-aa9d3e73c924,6383,1,80,yes,no,severe,1282,2169,no,4,no,208,18,no,yes
517b7008-c03c-4894-b84b-811432c025f2,17054,1,66,no,no,moderate,591,3892,yes,20,no,84,57,no,yes
30dcfe7c-9d07-48ea-bda2-f922242cea17,1064,3,91,no,no,none,1200,2211,yes,34,no,244,7,yes,yes
73a66459-b089-4476-b54e-c84ea7b79d94,14921,2,49,no,no,minor,1282,2201,yes,32,no,206,29,yes,yes
4b19b08b-14d3-45b8-8c99-fd0cf62f3ca7,15332,5,40,no,no,none,1490,2366,no,10,yes,425,57,yes,yes
3793f23d-f2d3-4bc9-adf6-32ea899144db,6342,4,49,no,no,none,983,2816,yes,29,no,85,60,no,yes
097cdcfe-bda1-428c-b0ab-132ddccd416d,3751,3,64,no,no,none,353,1566,yes,15,no,200,12,yes,yes
2b10d444-787a-4bab-80bf-b05764b7d4b0,14314,1,25,yes,yes,minor,741,2999,yes,33,no,347,49,yes,yes
512a15fe-ba2a-48b3-a739-4bb4eeedf471,5515,3,17,no,yes,minor,1339,3016,yes,27,yes,468,22,no,yes
1cf2c622-6f2f-4902-8586-025cf2383f61,6792,2,41,no,yes,moderate,969,1563,no,18,no,302,29,yes,yes
d4bded4d-c396-4930-bbb0-ec43c7259650,8442,5,57,no,no,none,376,2276,yes,7,no,214,39,yes,no
7a311c94-3bdd-4c8f-a00b-606dccd46c5e,1542,2,89,no,no,moderate,1224,1520,yes,8,no,308,8,yes,yes
c102c204-b7af-4b4e-8a05-62c8d65cb82e,11180,1,77,no,no,severe,1528,1728,yes,1,no,485,54,yes,yes
b5b162d8-3c7c-4994-86e5-ad85d3e8b0cb,5576,2,68,no,no,severe,1085,2623,yes,37,no,499,0,no,yes
67d18a45-f3ed-4677-8056-6f28504559a6,5354,2,33,no,no,none,1454,2136,yes,3,no,49,23,no,yes
30f21937-3e40-4918-84a8-132eeb18cf5e,17941,5,21,no,no,none,769,1207,yes,31,yes,110,16,yes,no
edb01822-fad1-49e5-91f2-b84dd7ba614e,7137,2,43,yes,no,minor,1387,1809,no,31,no,413,51,yes,yes
2672ff7e-675b-4745-b998-e837db0fb2f7,13135,2,62,yes,no,none,1079,1628,yes,25,no,22,36,no,yes
f707618e-1c12-455f-87c1-cd2a119c5606,2023,2,57,no,no,moderate,896,3433,yes,5,no,95,33,no,no
96a858c8-b344-44df-b7f7-4dbaa6471cb0,17310,2,77,yes,no,minor,1771,1383,yes,6,no,151,57,yes,yes
b718c816-132a-4b7b-99ea-76cefb6f58a3,1096,3,33,yes,no,none,1504,3518,no,27,no,112,16,yes,yes
15acdcff-71d4-41a8-85ad-7f6bebad2e85,15928,1,18,yes,no,none,1205,3480,yes,10,no,264,17,no,yes
363f0886-937d-4581-81b2-6c8282b0c779,16151,4,67,no,no,minor,432,1463,no,7,no,357,10,no,yes
cdc8ac68-3277-4f58-a775-477ce2196060,4846,4,83,no,no,minor,1980,2159,no,18,no,232,46,no,yes
2dbb186c-8785-452a-ba23-eb6dd88d702e,4553,5,47,no,yes,none,1291,3448,yes,24,no,202,51,yes,yes
3fc74975-ff78-4033-ad36-cc9497403bae,5777,3,52,yes,no,moderate,1072,2483,yes,22,yes,385,49,yes,no
d6c81078-d23b-461e-aebc-22339710de04,1953,3,84,no,no,none,556,2197,yes,28,yes,330,2,no,yes
ab452862-4cb4-4d13-a3d4-48fd03e2c260,8631,2,73,no,no,severe,1311,3555,yes,24,yes,86,32,yes,yes
39f03bb9-da48-46c3-a5d2-87f7b24f6ae5,10378,4,58,no,no,none,563,1982,yes,32,no,327,29,yes,yes
5c6b235d-07ab-4812-8dbe-da483631c2fd,11039,1,16,no,yes,severe,1031,3801,yes,29,no,396,7,no,yes
9d8991cb-6fc6-4fa4-b7a3-c214c4aea126,6745,3,80,no,no,minor,361,1719,yes,22,no,1,42,yes,yes
68ef665e-14ac-4b98-aed6-5cc8ac8e6207,10228,1,47,no,yes,none,464,3543,no,22,no,178,36,yes,yes
b1872867-00b2-494e-ae84-5354000d1bc7,15692,3,59,no,no,minor,1454,3825,yes,31,no,50,0,no,yes
da50fdb1-25cf-4c67-b655-3d422f723b5e,9441,2,92,no,no,none,906,1472,no,22,no,489,52,yes,yes
6ff2e9a2-c321-473c-9c44-61636cd3ac53,14333,5,43,no,no,none,950,3689,yes,37,no,72,38,yes,yes
0eae65eb-becd-40bd-862f-6115e37acbda,1189,1,79,no,no,minor,1566,3290,yes,18,no,97,34,yes,yes
1355f7a5-d2aa-405d-b1c9-f6a364e071a2,657,5,26,yes,no,minor,1755,1574,yes,23,no,141,27,no,yes
a82468f9-c340-4d4d-bd05-0b22ef9a0dfc,11949,2,34,no,no,minor,1496,1595,yes,8,no,417,4,yes,yes
ddcab7b2-1415-49f6-a69c-82f02c008531,15148,2,10,no,no,minor,1963,3125,no,8,no,352,2,yes,yes
1992eb68-300a-468c-b79f-f14faafb0af5,12989,5,35,no,yes,none,676,2418,yes,4,no,489,15,yes,yes
71abd46d-cdaf-4e99-bcb8-795a2ca75192,8928,1,44,yes,no,moderate,1502,3525,yes,26,no,157,56,yes,yes
86509ffc-0b0f-4ef0-9350-da88c351fc67,18629,4,29,yes,no,none,1092,3979,yes,2,no,454,30,yes,yes
dfb48b29-f852-4cdc-9463-a37d77e92e90,16298,4,97,yes,no,none,905,3422,yes,29,yes,476,56,yes,yes
336664c2-82e6-4068-aa9b-3167dd19cba4,10654,2,26,yes,no,minor,1850,3408,yes,11,no,143,33,no,yes
2e402efd-9eed-4d61-87ef-1ae5b4650f81,659,5,82,no,yes,minor,656,2372,no,1,no,434,44,yes,yes
cd68b925-994a-490a-b64b-38e4bb2dcbc5,14091,2,96,no,yes,minor,604,2843,no,1,no,110,36,yes,yes
7efbef42-97c9-49bf-962b-1e56da30c28d,12501,3,64,no,no,none,530,3934,no,5,no,216,17,no,no
bb37b746-57e2-406d-9569-0d4a4555e292,544,2,44,no,yes,none,1714,1842,no,21,yes,235,4,yes,yes
bd6ae241-0321-48ce-99b8-83161f1d0184,6051,5,24,no,no,none,1551,3671,yes,13,yes,47,5,no,yes
7183cc45-2c1b-4dfb-a591-e289aa145859,3561,2,20,no,no,minor,334,3898,yes,26,no,336,7,no,no
7f6df2ad-1882-4836-add8-f69be62d99b0,11523,2,81,no,yes,none,456,3357,yes,7,no,383,18,yes,yes
e8c8abb9-c1cb-4bc7-a31d-7c195ca4ab70,6403,2,49,yes,no,none,1383,3502,yes,26,no,83,17,no,yes
0bbd85e3-3389-450a-ba08-e163f18322d3,14463,5,29,no,no,minor,1573,2421,yes,22,no,78,59,no,yes
09fac431-5467-4044-b4b0-e0ddb2cbb57d,7364,3,88,yes,yes,none,1410,2496,yes,20,no,393,38,yes,yes
fd254788-1518-4dcc-a7bc-b538659f1c1f,15293,1,41,no,yes,minor,1055,3963,yes,25,yes,232,2,no,yes
07955135-ed6e-4d90-bbbf-439a831d7522,7321,3,49,no,no,minor,694,2832,yes,9,yes,314,11,no,yes
6e663612-bd60-42db-bcae-f3ffdfac02d3,10679,4,42,yes,yes,moderate,1705,1951,yes,36,no,370,28,yes,yes
ffe2b33f-1e59-4e01-a5d2-07550d9560bd,18327,2,22,no,no,none,1597,3875,no,26,no,197,22,yes,yes
a277d539-8877-4010-8a11-157389b2eca0,6803,1,13,no,yes,severe,979,2745,yes,36,no,110,53,yes,yes
9b34533a-7b42-4868-9d0d-8e6ea2029c0a,3747,1,39,no,no,moderate,686,3540,yes,14,no,264,12,yes,yes
744c6ef9-5efe-4bba-a0f4-5c363d2daee5,8205,2,30,no,no,moderate,1812,3971,no,4,no,159,14,yes,yes
0079a7c4-86c0-4433-b752-1a50b6d0a823,17739,5,57,yes,no,none,1157,1405,yes,1,no,480,23,yes,yes
9f7dc484-3e41-4470-bea6-bb6c9b60d8c0,12241,5,100,no,no,minor,808,1230,no,23,no,396,40,yes,yes
32259ac9-7d35-4bfa-aa8f-11c367c5b468,5168,2,45,no,yes,moderate,705,2275,no,34,yes,342,44,yes,yes
e7cbc64b-f6cd-442d-ad6b-d00a79d72392,3944,2,18,yes,yes,none,881,3411,yes,1,no,306,29,yes,yes
ae6cb2fe-a587-49c0-94f1-57fee6dabe6f,12224,3,35,no,no,minor,1304,3019,no,31,no,481,56,yes,yes
deddb5ee-99dc-4df5-b2f5-2764c5c8bdb5,14161,3,89,yes,no,none,579,2244,yes,30,no,32,5,no,yes
3535c194-4ec8-490e-bafe-8a572f387e61,4985,5,32,no,no,minor,1386,2160,yes,30,yes,182,43,yes,yes
3bf2b203-d79a-4fa6-aa3f-32191f8bb1f4,8085,3,41,no,no,minor,1152,3039,no,23,no,41,9,yes,no
e8d07e97-1702-4f30-9bdd-fb748592006c,15160,2,45,no,no,minor,857,3730,yes,7,no,283,41,yes,yes
c678e3ca-60e3-4e4b-9196-4fbcccbc51aa,1909,1,74,no,no,none,1448,1722,yes,39,no,139,18,yes,yes
99454482-2258-4afd-9ea2-a55761291cb9,3500,5,71,yes,no,none,432,2219,no,11,no,412,53,yes,yes
12c22403-1235-4225-aa18-63530fd5e5a3,14279,4,75,no,no,minor,1999,3780,no,2,no,138,45,yes,yes
8450e12c-2ee6-4ea4-a552-27906c18a744,10310,4,43,no,no,minor,950,1349,no,19,yes,327,56,yes,yes
726943b9-8795-4f12-8dee-1e038a1385ae,17140,1,69,yes,no,none,1850,1211,no,1,no,33,12,yes,yes
32136481-55a8-4717-9500-124ef0ea0e2c,19605,4,77,no,yes,none,1453,3753,no,16,yes,399,32,no,yes
5516ee12-bbdc-4998-9afe-0685d20df846,9743,1,93,yes,no,minor,1294,3229,yes,33,no,172,0,yes,yes
868e5dcc-ca72-454b-bbb7-122834301cc3,5002,2,69,yes,no,moderate,1975,2421,yes,6,no,212,52,no,yes
ac4bfd82-5dc0-46af-aa68-373d12879791,7585,4,99,no,no,none,815,2931,yes,28,no,336,11,yes,yes
635fbb90-23c9-488b-bbb8-276bfea23b8f,6805,3,83,no,no,moderate,374,2613,yes,31,yes,94,20,yes,yes
bd821abf-6cfa-45ef-915e-0dcfe1d9c5c6,11155,5,60,no,no,severe,843,3178,no,33,no,223,20,no,yes
e6971154-f282-4f9b-81d5-35b2a915989a,2322,5,24,yes,no,minor,301,2618,no,7,no,433,33,yes,yes
a70797fb-4043-457d-8ad4-a0ef842dfb90,18484,4,17,no,no,minor,1492,1628,no,2,no,414,17,yes,yes
8c588c43-5f77-4dc6-be65-3b377b6d896b,11821,3,56,no,no,none,426,3582,yes,30,no,496,24,no,yes
99a8b6d7-137d-4759-9717-3629b0622f54,10706,1,70,no,yes,moderate,780,1437,no,13,no,227,2,yes,yes
66037980-386c-418f-af9d-c92b4cef7f13,887,5,100,no,yes,none,786,3577,no,26,no,38,12,no,yes
9eba70f3-9bb5-4978-b54a-ba625d0b39fd,10915,3,51,no,no,none,1617,3389,no,12,no,335,44,no,yes
9e2077a8-5e2b-4bc7-91da-e17bb9874532,7814,1,18,no,yes,minor,814,3037,yes,14,no,38,56,no,yes
6b1dddf2-3b7e-47b9-8fde-746c522bec41,14372,4,98,yes,yes,none,370,1221,yes,12,no,190,20,no,yes
f6ea7da7-4616-4e2a-8cec-557fc062da10,18840,1,37,no,no,severe,618,1479,no,21,no,226,7,yes,yes
ff1ad154-ae53-4b3f-8dd7-713357a5d6c5,6906,1,45,yes,no,none,786,1585,yes,27,no,86,44,yes,yes
43a94963-b982-4ee4-9925-21ae733bc776,2546,2,59,yes,no,minor,1222,2095,yes,36,no,64,57,yes,no
661316b3-1937-4850-b435-544c8dc58538,10216,3,10,no,no,minor,1542,3272,no,20,no,57,33,no,no
c5645286-5468-450b-9f85-69bd9988fd65,7132,3,72,yes,no,none,1629,3287,yes,30,no,225,50,yes,yes
1d9c1fe7-1e26-4dc2-85dd-7a4a26be1beb,743,2,34,yes,no,severe,1586,2490,yes,23,no,134,26,yes,yes
a4f82f86-4f37-47bd-86cd-5a1f2cbeaea3,18493,5,85,no,yes,moderate,788,3198,no,30,no,272,11,yes,yes
7bdad6b7-1305-4d44-80d9-99f58ba98806,11570,2,16,no,no,none,1683,2177,yes,17,no,380,28,yes,no
4bb6cc37-b983-4b4d-bc18-aa638de55847,2538,5,20,no,yes,none,1223,2745,yes,25,no,143,19,yes,yes
c608b0fc-8d15-49bb-808d-667408c91ace,3722,4,100,no,no,severe,380,2274,yes,15,no,463,25,yes,yes
fc89373d-cab1-4ce6-ab1b-0d762cd32b63,9989,3,84,no,yes,moderate,704,2902,no,9,no,344,12,yes,yes
7ea0d7bf-4652-478e-9729-1c345fc2ae76,3793,1,67,no,no,moderate,1013,1740,yes,31,no,336,4,yes,yes
30a4f1bf-77ea-4cf9-80cb-6be5a90e574f,5200,1,27,yes,no,none,1990,2522,yes,15,no,296,49,yes,yes
d8649d16-adf7-47d0-94e4-a23130475036,11856,4,33,no,no,none,1725,1482,yes,14,no,230,49,no,yes
b715e39c-da2f-4973-bffa-56e0cb13f2e4,4506,2,60,no,no,minor,881,3063,yes,15,yes,406,58,no,yes
0aea83ec-4073-470c-bb5a-6e5b6c388a1f,15362,3,37,yes,yes,none,1444,3328,yes,17,no,353,30,yes,yes
634335fd-667b-4fd3-8321-ca12873c5d0e,4531,5,90,no,yes,minor,1570,1884,yes,33,no,153,33,no,yes
0f31518c-fffc-4b10-932a-9307459e1711,10126,1,44,no,no,severe,404,2977,yes,26,no,410,22,no,yes
1da2dbc7-377e-4948-8ece-1b5ba1705d3c,17973,4,45,no,no,minor,1630,3866,yes,37,no,90,11,no,yes
fa104ec8-a1fa-48d9-a14c-9cc02a01b141,14111,4,80,no,yes,minor,1667,1388,yes,28,no,342,8,no,no
4f679cc4-5c09-4193-9617-581a373e3a6e,8712,2,12,no,no,none,1256,3055,yes,34,no,216,11,yes,yes
44a53182-ea26-4645-bdbd-8b22a1bebcbe,6781,1,43,no,yes,none,1761,3791,yes,21,no,32,52,yes,no
7748adbb-3a60-4ed3-9eda-29c2750d0353,16419,3,95,yes,no,minor,1399,3838,yes,11,no,65,24,no,yes
f168da0b-9d9d-47ff-bdc4-24abfd7fda60,14419,2,95,yes,yes,moderate,1476,2612,yes,32,yes,100,14,yes,yes
0f0fdd5a-a81c-45ee-b036-69baf3f8e0e1,8888,1,41,no,no,severe,469,1598,yes,16,no,114,4,yes,yes
7ac0531b-0209-4efd-b664-b2157e658e4e,922,3,37,yes,yes,none,344,1973,no,30,no,159,45,yes,yes
b28a5193-cda4-4233-8f79-6aff42fa0415,18921,3,87,yes,no,moderate,919,2103,yes,10,no,10,37,yes,yes
078fa2a8-3e4e-4c64-a2f7-adbae1029528,5883,1,42,no,yes,minor,1760,1235,no,15,no,105,35,no,yes
0438108d-49cb-4857-b7b8-fa38f501fc3d,16686,4,90,no,no,minor,1891,1946,yes,23,no,204,23,no,yes
13de9770-19a1-4657-83f6-5de52ee7fde4,5235,3,38,no,no,none,1465,2914,yes,38,no,179,42,yes,yes
e1210517-f0d3-4076-ae3a-e87ce778318a,4485,3,10,no,no,severe,808,2099,yes,15,no,442,25,no,yes
66f21561-d151-431b-92f3-650a598459a2,3897,1,97,no,no,minor,325,3575,yes,27,no,164,55,no,yes
2a4cc437-f9ba-4456-bd86-1d2da2e48311,5680,2,35,yes,no,none,1387,1454,no,13,no,305,5,yes,yes
01fcd983-aa32-424e-ba4c-b466fb2488a2,15245,2,44,no,no,moderate,796,1783,no,10,no,424,11,yes,yes
a252f843-2cf5-4a53-afd5-dc89a50e16c3,4867,3,76,no,yes,minor,803,3935,no,33,no,475,11,no,yes
b055d91b-a7b2-4822-9df5-268beb98f521,16680,3,20,yes,yes,minor,654,2106,no,29,no,233,4,no,yes
3c91ae7a-c652-4600-8cc0-be5fd576b28f,14925,3,79,no,no,minor,1638,3506,yes,1,no,240,55,no,yes
2d4ff0b4-6db0-48f3-b9a9-e9d4a248e201,16450,5,94,no,no,minor,1858,3725,yes,1,no,282,40,no,yes
1ce63bed-05a8-4248-82e7-292d616341e0,5575,1,44,yes,no,moderate,1265,1898,yes,23,no,358,0,yes,yes
4d8a19b6-f77e-472c-8b04-14e21c3610b9,7256,2,76,yes,yes,none,1334,1360,yes,36,no,108,28,no,yes
0ab993c6-a128-4de5-861d-a43659a93b09,7901,3,60,yes,no,minor,1857,1385,yes,22,no,495,44,no,yes
b37f6fb8-5ceb-445f-87a3-ffe78f9b2b42,18055,4,23,yes,yes,minor,1267,2389,no,8,no,174,12,no,yes
9952baef-3ba0-4aef-b586-ab5e180606a3,12793,5,78,no,no,severe,508,2412,yes,13,yes,171,11,yes,yes
30c10f27-83b9-4ff1-92c2-96f1b97cb58d,2129,1,54,yes,yes,minor,974,3846,no,2,no,123,18,yes,yes
93eedfa1-3db6-42df-af14-488354baf73f,10303,3,48,no,no,none,680,1581,yes,14,no,423,60,yes,yes
cae6b94b-a82c-4b1f-93b4-6251b1a77196,12504,4,83,yes,no,minor,853,2874,yes,7,no,286,49,no,yes
020c88d2-fbcf-4b10-8162-02b151d2c7d7,17946,5,57,no,yes,none,1957,2868,yes,38,no,321,20,no,yes
68ffed06-0d51-4607-a595-9a0ad16ccfb0,13576,5,36,no,no,severe,1781,3007,yes,16,yes,143,50,yes,no
47e8f9a9-7785-4ba0-a4be-defe00a4d53b,2202,1,75,yes,no,moderate,677,2656,yes,2,no,56,58,yes,yes
ecd7a8cb-0c88-4832-9cb7-99e43ed883fb,14292,1,91,no,yes,none,831,2344,yes,34,no,64,45,yes,yes
e0fa0072-9e9a-4a03-8d5a-4288ebf605c1,10004,3,50,no,no,none,415,3133,yes,7,no,113,44,yes,yes
5c8666d3-d515-4c53-a70e-d62c978722e6,6676,3,11,no,no,minor,1741,3883,no,30,no,181,14,no,yes
22c3795f-82c8-49d7-ace8-2b06f6197a1a,1929,5,11,no,no,minor,1533,2255,yes,29,no,403,17,yes,yes
699d1afe-89fe-4b47-9aca-8632fb9806c8,13744,4,54,no,yes,moderate,349,2934,no,27,no,425,13,yes,yes
df2127d4-04bd-4d40-a5ea-32c166781502,9548,5,96,no,no,minor,1574,2277,no,7,no,416,44,yes,no
294f50d5-5d6d-4735-b668-a959a692c437,8441,4,49,yes,yes,moderate,1321,2821,no,24,no,247,10,yes,no
d851db44-7909-4603-bee5-f2400cf799de,4956,4,81,no,no,none,1187,2466,no,31,no,92,52,yes,no
6f86b331-77d3-4099-8187-df3bbf70f145,9667,2,21,yes,no,minor,841,1608,yes,33,no,98,4,yes,yes
e49dc38d-64b6-4884-8ac2-09381262af67,15757,3,85,no,no,minor,602,3073,yes,8,no,309,19,no,no
d6a3a9b2-55e0-4d17-8510-b6680ed46ede,12760,3,63,no,yes,moderate,1448,1764,yes,38,no,294,48,no,yes
54fc8ff5-7cbd-49ff-b825-ea3a049a147f,3694,5,48,no,no,severe,425,1875,yes,32,no,264,49,yes,yes
e807bba4-ff21-4a58-b31d-10fb31ad3f3c,7780,5,54,yes,no,none,1183,3138,no,20,yes,71,39,no,yes
f1e09d47-4ac7-4844-a582-d39334cd597b,13466,4,35,yes,yes,none,1910,3776,no,24,no,305,36,yes,yes
66508ab2-501d-403b-a3af-7d9b13d23e0a,5143,5,53,no,no,none,919,2912,yes,33,no,167,29,yes,yes
ab4546a0-be1b-4fa3-94b9-1732bb5358b8,10775,2,79,no,no,minor,1936,1852,yes,35,yes,185,10,no,yes
45c28376-a336-4306-9ee0-c0859de2e8fc,1735,3,15,yes,yes,none,1718,2023,yes,28,no,93,38,yes,no
10b4d55a-524f-4718-9b80-347da050df1e,16773,3,77,no,yes,none,1592,1751,yes,2,no,301,49,yes,yes
aea2a2b4-8932-44f5-84a4-137e55f1ee7b,9890,4,48,no,no,none,1169,2779,yes,14,no,227,21,yes,no
5ebc10d7-1626-4e04-9391-494f53886b45,18049,2,77,no,yes,minor,1320,3751,yes,32,no,63,47,yes,yes
b838886a-2e39-480c-8a61-37c87f93f480,9513,3,52,no,no,minor,1078,2470,yes,23,yes,125,20,no,yes
0df0ee18-89cd-44e0-a4a4-8bb057336e73,11665,2,59,yes,no,none,632,2724,yes,29,yes,38,39,yes,yes
0d2181d2-11c0-4dbe-9d9e-14f9fe93dabd,2174,1,34,no,yes,minor,1067,1338,yes,39,no,391,51,yes,yes
f115c01b-6e38-4c8d-b684-dcf8660f70c9,18957,2,36,no,no,moderate,637,1226,yes,22,no,426,10,yes,yes
d42bdb36-96ab-46af-b586-f7f5eac70cac,1405,3,78,no,no,minor,1170,3143,no,27,no,58,40,yes,yes
504e39b2-df86-403a-8d02-fb73ac1fb0c7,14718,3,98,no,yes,minor,1656,1218,no,36,no,323,44,yes,yes
f1decf2c-ec11-4beb-80a3-c40cd3601cc3,13690,2,30,no,no,none,972,1600,yes,23,no,294,16,no,yes
9a3998f5-d72f-4330-8fa1-47f9e4b74214,7993,2,74,no,no,none,341,2350,yes,13,no,286,4,yes,yes
1a4723a2-d2f1-4295-b6d0-686841472080,19761,1,67,no,no,moderate,349,2580,yes,38,yes,148,55,yes,yes
55d33114-5ee6-4aaf-84de-6163a5779be0,7026,4,38,yes,no,none,1992,3563,yes,14,no,85,0,no,yes
68fba5bf-21b6-4474-a467-5bff02f33348,7674,3,38,no,no,moderate,1013,1695,yes,8,no,163,31,no,yes
13a9b78c-485a-465f-b54e-1d4c7798f11f,2185,1,62,yes,no,none,708,3234,yes,8,no,328,21,no,yes
2682629b-9cce-49e7-96eb-881e87314445,16203,5,13,no,no,minor,1062,3955,yes,12,no,116,4,yes,yes
0ca4723a-0cf5-402d-8709-700744834808,13111,3,42,no,no,minor,1047,2485,yes,35,yes,5,31,yes,yes
e9d46c69-056e-4367-9e5e-d2b6cbf656a9,7981,2,91,yes,no,severe,1469,3034,yes,38,no,288,33,yes,yes
7b043abf-6a8e-44e4-92f7-e10f7d4c89c8,6969,2,72,no,no,none,403,3330,yes,12,no,41,46,no,yes
ffa87d1d-250b-466a-8255-97d46f2fc50d,7741,4,97,yes,yes,minor,853,3772,yes,12,no,225,33,yes,yes
b939c8d2-e9bb-4bfd-bd9a-aec2a73533ef,2500,3,17,no,no,moderate,909,3547,no,16,no,90,19,no,yes
534f960c-0f47-45bc-8e59-81db7aa60061,11579,5,89,no,yes,minor,1397,3622,yes,30,no,466,58,yes,yes
63a3cec2-e980-41be-af49-a2fbc546c36a,8422,1,57,no,no,severe,382,3363,yes,23,no,243,3,no,yes
b8c0694a-7e75-4ec2-9c39-a5eba700c4c9,4053,1,29,yes,no,none,1535,2949,yes,30,no,19,29,no,yes
cf7a9acc-ec20-477e-9ab3-3829e91359fa,15295,3,47,no,yes,minor,694,1411,yes,38,no,88,16,yes,yes
af6373f5-502d-47df-aa92-5d1750ec48cf,17831,5,17,no,no,minor,815,1573,yes,29,no,430,51,no,yes
fca656d6-0430-4a85-89cd-120988b51d83,12354,2,100,yes,no,none,490,2434,no,16,no,335,15,yes,yes
ba7de646-21a5-41ac-9600-fa5a2cf2f54c,11852,4,12,no,yes,moderate,1583,1494,yes,5,no,479,10,yes,yes
48b20fc5-b1b5-4627-a250-7f442697fbdc,13737,1,94,no,no,none,1839,1357,yes,3,no,179,13,no,yes
b8643271-7285-4bf8-88da-e9f9fa55782e,11937,5,13,no,no,severe,1536,2592,yes,28,no,226,30,no,yes
66995dff-3a0d-421e-bc87-e2699ac95683,631,4,65,no,no,severe,503,1301,yes,36,no,404,57,no,yes
680000d2-f470-4ed4-a207-8140377312ea,10350,2,35,no,no,minor,1513,3219,yes,25,no,299,17,no,yes
bab8bb45-2df1-4c9d-b9b7-40059b70dc86,4520,1,66,no,no,moderate,1497,3662,yes,28,no,214,54,yes,yes
8b76316a-3ec0-47c9-8878-903f35755b95,2961,5,17,no,no,none,566,3642,yes,26,no,415,29,yes,no
ce096d51-2472-4032-a2b2-c304e509d99b,6647,2,38,no,yes,severe,763,3684,no,40,no,424,17,yes,yes
dfe169c9-4d2b-42c2-a983-bce5707e78cd,15933,3,21,no,no,minor,1997,3626,yes,11,no,266,48,yes,no
78917fb6-9267-4b5c-9ae6-a45a6bdafd24,13186,3,77,yes,no,none,1484,3758,yes,24,no,492,27,yes,yes
269a42bd-3ef3-45c9-abf2-bafc0f288df3,1809,4,45,no,no,none,1901,3029,no,26,no,6,58,no,yes
842fd7b2-229e-47c6-8dce-ab8e50153047,13886,3,93,no,no,moderate,1811,1648,yes,8,no,482,46,yes,yes
97c579ed-b834-4a7f-8217-8b91fd189590,17718,2,85,yes,no,minor,1861,1329,no,18,yes,415,21,no,yes
4d8ffb8c-fefb-4711-a446-a2a5a976b183,14712,1,97,no,no,severe,1435,2609,no,20,no,158,14,no,yes
40e174e4-120b-4726-9440-be34cc1a53f4,5881,2,76,yes,no,severe,1114,1203,yes,23,no,277,29,yes,no
290e457a-42aa-4189-9199-38782a38b8d2,7817,1,95,no,yes,moderate,1867,1701,yes,8,no,437,33,no,yes
c102b1a9-c985-4fcb-ae94-c9aef52c1d0e,16660,2,59,yes,yes,none,418,2133,no,2,no,124,18,no,yes
5033366c-20d1-49e8-91a9-88c3cc0b2a23,11089,1,72,yes,no,none,1428,3693,yes,38,no,294,23,yes,yes
2e46db4e-c1d2-4f8e-ae95-2cdc06768d3f,3555,2,91,no,yes,minor,1392,1697,no,34,no,159,2,no,yes
aa17dadc-354c-4fb5-ac6f-f60117d6136e,16011,3,32,yes,yes,moderate,1194,2476,yes,5,no,67,16,yes,yes
6f3d4507-482f-4511-bf31-3ba317b5db5a,14805,4,65,no,no,none,1681,2518,yes,22,no,117,7,yes,yes
59312df9-6a4c-417b-9d58-5f8d7795c35f,16777,3,92,no,yes,minor,1929,3303,yes,33,no,146,51,yes,yes
042cb7b2-8812-442f-8af2-20384dfc67f7,17446,2,34,yes,no,moderate,1521,2422,yes,16,no,405,42,yes,yes
3ccf575f-9bc3-43af-b5cd-db8d0e993308,17915,5,98,yes,no,none,1469,2145,no,31,no,335,27,yes,yes
8e4c47c1-3de6-4177-b694-fc01565d57fa,17034,1,35,no,yes,none,1782,2153,no,15,no,227,51,yes,no
1c1fcd8e-3a86-4ae4-bc8d-cb12d1755b22,10159,2,41,yes,no,severe,1697,1972,no,2,no,156,28,no,yes
aaa7bea6-85bd-47d1-846e-a95ac568c5dd,3116,1,49,yes,no,none,743,2429,yes,9,no,215,26,yes,yes
a3b8df62-05ab-42df-b2a5-ec035dc3b00e,13500,3,99,no,no,moderate,1429,1426,yes,17,no,413,33,no,no
877fc4ed-94d8-4b3a-be80-476a1000d7be,7031,3,38,no,no,none,987,1910,no,39,no,184,15,no,yes
d80e96d1-2450-45ca-b26c-06dba0c37eca,12696,2,59,no,yes,minor,1765,1805,yes,26,no,280,33,yes,yes
534657a1-380d-4caf-b0c1-279292bea1d7,6682,3,61,yes,yes,none,1108,2628,yes,38,no,104,13,no,yes
2c4d2f6c-af3c-456e-b552-7778e2dec382,687,2,91,no,no,none,1358,3854,no,9,no,303,26,yes,yes
64336742-848c-4805-ad74-ead9f11baf45,18271,2,33,no,no,minor,1840,2453,no,23,no,291,52,no,yes
e0776b8e-a113-42c7-aa0e-133b0ae86593,3778,1,48,yes,no,none,706,1406,yes,16,yes,357,36,yes,yes
fd6096a4-1bf9-410e-8121-38b018246c41,15907,4,18,yes,no,none,669,1921,yes,11,no,101,23,no,yes
bf3a448f-2432-4ed3-a53d-a3f569746f0f,3841,1,49,no,no,moderate,922,1863,yes,19,no,128,12,yes,yes
ad9fbde1-ba50-411b-b0ce-811c46c4299b,2487,5,56,no,no,moderate,562,3697,no,6,no,63,24,yes,yes
bf383606-e1a5-423f-bd99-0f6e3c430a3e,9771,4,50,yes,no,moderate,634,3566,yes,30,no,470,15,no,yes
e618d1f3-c921-4ac5-b49a-357050a97c89,12947,1,26,yes,yes,none,775,2184,yes,9,no,125,59,yes,no
c1b4c5d2-bbc7-4c2d-baa4-e6e29afa2707,9461,5,96,no,no,none,942,1212,yes,3,no,455,52,no,no
fca3ac1a-ce54-4148-97d3-ddaf8b7fa578,13161,3,99,no,yes,severe,939,1985,yes,27,no,45,31,yes,yes
b04e8687-7249-4ba4-8eba-6799399e8126,8014,3,68,yes,no,moderate,330,3997,yes,7,no,425,56,yes,yes
64a03be1-643f-4bb1-828f-0c4e3ac9aebb,1714,3,63,yes,no,none,1186,2569,no,20,no,380,17,no,no
18f8a581-20ff-48df-bb36-414d2834d17d,13743,2,13,no,yes,minor,821,2799,no,8,no,109,23,no,yes
ac2b0f6f-284e-4bb0-9043-e3b236aaa81e,4950,2,20,no,no,minor,1867,2999,no,14,yes,165,28,no,yes
ae17eb74-6c6a-4385-8cd2-622ca24669bd,6862,5,72,no,no,minor,430,3908,yes,17,no,497,12,yes,yes
95de4c2d-1122-43b0-ae79-87bcc39e7a58,9881,5,11,no,yes,none,804,3538,yes,10,no,282,29,yes,yes
07a03588-9b05-49b9-b7f8-a5ac5b7ea1d9,3588,1,72,no,no,severe,1429,1362,yes,37,no,252,54,yes,yes
5cec55ab-74ef-47ae-b602-15c700343647,824,3,95,no,yes,none,1961,3163,no,21,no,166,32,no,no
bb5d2983-7465-4c46-a8ba-bd02e86378da,19028,1,41,no,no,none,1494,2991,no,36,yes,433,60,no,no
09f4b4fe-5d4d-4c67-a433-5aee8d6ea098,5886,4,54,no,no,minor,1949,1226,no,14,no,258,36,yes,yes
914a3cc1-dfa4-475d-b710-3bbb99b8e8f2,3981,3,60,yes,no,none,1559,2810,yes,25,no,256,12,yes,no
130d2b8d-6bdc-4097-b5c6-02258788091e,15888,3,54,no,no,minor,1611,3805,yes,6,no,145,39,yes,yes
d8c1d57c-bc1a-404e-8b18-b1d6493c3c40,16174,1,12,yes,yes,severe,427,2425,no,21,no,349,27,no,yes
c055a294-0c18-4c8c-8f04-df78a5932c03,11615,3,98,no,no,none,846,3918,yes,10,no,376,42,no,yes
828b49b1-f6b6-4e03-9d9a-587d68d2df6a,12406,2,70,no,no,moderate,584,2017,yes,9,no,40,3,yes,yes
a8a88449-3809-4655-bae1-a9b65fd51b25,17773,5,38,yes,no,none,629,3661,no,15,no,329,27,no,yes
d7efdd16-e6f3-408b-8275-edf531aaf74b,11693,5,34,no,yes,none,357,1469,yes,16,no,51,25,yes,yes
88088a65-75f1-4fae-ba96-103872821d33,7654,3,55,no,no,severe,1316,3879,yes,40,no,499,36,no,yes
dacb7614-4606-4103-8263-c962bb37a72c,17577,4,79,no,no,none,691,1404,yes,23,no,174,54,yes,yes
dc2ce303-8bbc-49d5-9f9c-8511c6c0d783,14583,4,41,no,yes,severe,1886,1360,no,15,no,224,56,yes,yes
6df5e667-37c0-4140-b1de-d8c8ad62534f,17784,4,64,no,no,none,610,1533,yes,3,no,23,14,yes,yes
0a022527-6f8e-4980-8d7a-62a6f43c7ff0,15917,1,90,yes,no,none,809,2154,yes,37,no,192,2,yes,yes
983f9c94-0f5f-4a43-bf4c-df3052a98e16,15011,4,27,yes,no,none,424,1594,yes,36,yes,295,15,yes,yes
d5a3097c-a7b1-421b-8256-861cae7ded12,7583,3,95,no,no,none,942,1373,no,28,no,426,40,no,yes
52d7279b-cccb-4c1a-bf04-2a526271ab2b,19311,3,70,no,no,moderate,1387,3122,yes,29,yes,73,3,yes,yes
68bff737-3890-47fa-a591-57cb38023320,14154,4,49,no,no,none,1955,1312,yes,18,no,86,17,no,yes
a24ffb3a-122c-4911-9a8b-9fb305e0b405,7861,2,46,no,yes,none,1214,2273,yes,13,yes,338,40,yes,yes
4e416fcb-2329-4671-a0a1-791ecca7d6b4,6251,2,43,no,no,none,750,2910,yes,2,yes,99,20,no,yes
931edcce-4523-4f2f-8d35-ad8778f080b0,6236,1,60,yes,no,minor,791,1459,no,40,no,455,17,yes,yes
8e1227eb-70ff-45d1-a8f3-6f17df9512fa,19677,1,93,no,no,minor,370,2723,yes,3,no,252,47,yes,no
065f1aad-0a24-4794-8fc9-5b0a19d28fa0,2069,3,53,yes,no,none,1815,1968,yes,27,no,215,34,yes,yes
b07b33b6-debc-4304-a1bd-e5e5233dce97,13914,3,69,no,no,moderate,1746,3618,yes,40,no,424,15,no,yes
e874b1b3-a553-452a-baff-c5efc022e72c,13752,1,36,no,no,minor,415,2327,yes,34,yes,230,15,no,yes
a3e28fee-78a8-4790-8764-478d1621a44c,1027,1,78,yes,yes,none,743,1391,yes,6,no,207,24,yes,yes
372b7b07-9591-43be-8986-9014b445779b,17108,5,17,no,yes,minor,961,3632,yes,10,yes,162,13,yes,yes
5ef81062-d0f2-4ae6-99b9-0e031dafaf10,1943,4,45,yes,no,moderate,940,3294,yes,24,no,123,21,yes,yes
5235289f-63fe-458d-93e1-828f141c1be5,14281,4,21,no,no,minor,1261,2130,no,4,no,96,10,yes,yes
f0bc1e63-02f7-4576-a7d0-2b7a7b8bb74e,14726,5,48,yes,no,none,1467,3426,yes,29,no,104,35,no,yes
7614ddd2-8cd8-499e-87ae-20ac8761c512,14521,2,94,no,yes,minor,1941,2053,no,21,no,469,44,no,yes
c615c611-f7d6-4291-878a-50252f30bd2e,16105,1,94,no,no,none,698,3941,yes,40,no,394,28,yes,yes
dca9fc97-97ed-4078-be32-3822c94a6aca,18844,4,62,yes,no,minor,1110,3777,yes,18,no,485,10,yes,yes
fcca3362-f1c8-49e8-8be4-13bfe201437e,7567,3,40,yes,no,minor,513,3060,yes,10,no,5,52,yes,no
60e331a4-d9b5-4a83-aca9-e625b9dd96e1,13953,2,48,yes,no,moderate,900,1673,yes,31,yes,295,60,yes,yes
2b70c8e4-b850-410a-a73b-da5183274a4f,3981,1,14,no,no,minor,589,1454,no,25,no,360,45,no,yes
d80c2a37-0012-4f71-9680-0b9b2ad4f1b2,2833,3,89,yes,yes,severe,352,1950,yes,23,yes,115,32,yes,yes
52fb94ab-830e-4684-8d0a-a1aace2ead85,10493,2,50,no,no,none,511,2529,yes,14,no,128,54,yes,yes
16ea7610-1deb-48dc-adc9-05129532afb8,14630,3,51,no,yes,minor,668,3449,yes,13,no,302,38,no,yes
5fae42d2-5b10-46f1-9bb2-14be33b6f5b4,18019,2,13,no,no,none,1794,1405,no,7,no,106,4,no,yes
a2ecdf47-899e-4336-bdac-20207c0e0010,18844,4,38,no,yes,minor,1139,1562,yes,17,no,334,3,yes,yes
2fdb1c1e-b31c-4f26-8bcb-3b069bf67284,11348,2,76,no,yes,moderate,1540,1669,yes,4,no,217,8,yes,yes
9112e6a3-a747-4492-9263-cbb563b2f85d,7481,4,52,no,no,severe,616,1923,no,40,yes,98,0,yes,no
a8556a55-e9e3-4961-b7f0-59892af72d18,13781,5,30,yes,no,none,945,2931,yes,27,no,373,22,yes,yes
69d93378-c89e-43e1-bc44-ff1649b39233,18294,4,67,no,yes,severe,366,3273,yes,2,no,50,44,yes,yes
0becaf2f-bdda-4ec0-a353-56e10c41ece8,7596,4,39,no,no,minor,1714,3303,no,14,no,107,54,no,yes
c168b179-3e11-4c30-a936-25cb0b32b7c7,898,5,31,no,yes,none,373,3329,yes,34,no,323,58,yes,yes
a986b039-2bbb-4eb3-948e-3b1b7ef33e6c,5288,1,12,no,no,none,883,1588,no,8,no,251,19,yes,yes
ad5e7855-ed6f-461b-90df-4c6258f6c50f,11094,2,90,no,yes,none,325,2232,yes,2,no,395,47,yes,yes
15766a75-d7da-4567-8c89-b6c88afbde1e,11756,3,77,no,no,moderate,1467,2435,no,20,no,63,28,yes,no
3ec35fff-a52f-4e27-b24e-2f4b48618659,17162,2,89,yes,no,moderate,655,3729,yes,18,no,461,45,yes,yes
38d3cda4-f43b-48a6-92af-465bd841304c,11915,5,59,no,no,none,869,2712,no,39,no,350,30,yes,yes
6e8337d3-f7ba-40d8-a112-cc37fe9c9c67,2703,1,44,no,no,none,323,2919,no,16,no,22,37,yes,yes
ba117137-9489-4c7d-9c4d-2d9b4f06d114,10643,3,85,yes,no,none,852,1788,no,35,no,199,46,yes,yes
9ef2fa43-cb15-4ac8-845d-9ec582e04deb,19085,1,80,no,yes,minor,1715,2809,yes,15,no,492,34,no,yes
e7bba11f-2f04-4358-a99d-07e8e36a860a,17920,4,98,yes,no,none,1119,2980,yes,20,no,172,30,yes,yes
4997ddfa-fd9b-48c0-a154-231766c31040,19583,4,51,yes,no,none,1918,1959,yes,38,no,447,10,no,yes
5cc7affc-e6fc-468f-aab4-2133cb574e16,6269,5,79,yes,no,none,1880,2893,yes,28,no,128,37,yes,yes
03eea1fc-a288-417b-8b33-4f754f516a72,2368,1,56,yes,yes,minor,1190,3231,yes,6,no,180,18,yes,yes
1126005d-839b-429b-b35b-569c5e37820c,18916,1,68,yes,no,none,959,3183,yes,1,yes,220,9,yes,yes
7f3edc2a-2afd-4d0d-8a22-646c7c5d8bf3,12926,4,60,no,no,minor,537,3221,yes,2,no,412,12,no,yes
af97bb44-47fe-4c7e-aaff-e84e4d1fadfb,18749,2,26,no,no,none,1693,2852,no,1,no,133,19,yes,yes
572f224e-474a-4d56-bb10-604c045f4dbc,16253,4,11,no,no,minor,1676,2064,no,14,no,129,24,yes,yes
617062f0-aa93-4236-b262-65132a69bb64,19617,4,97,no,no,minor,318,3612,yes,34,no,194,14,yes,yes
4b58ea33-16aa-4147-899c-960e2a52265f,8637,4,82,yes,no,minor,557,1630,yes,5,yes,275,46,yes,yes
44f0d46e-e26a-4683-bac6-19a20805deaa,7021,4,25,no,yes,none,1239,2062,yes,23,no,256,46,yes,yes
c2582036-100f-4b7a-ba88-56c85cead0ae,3572,4,62,yes,no,severe,753,1285,yes,35,yes,426,35,no,yes
b8bf5083-790f-4e30-8939-c8689ec8f028,11099,4,80,no,no,minor,994,2330,yes,34,yes,376,41,yes,yes
2c806e75-3508-422f-b424-e0fcda7b95b4,5348,3,16,yes,yes,moderate,892,3960,no,23,yes,309,6,yes,no
add88766-f6b4-41d6-bdb0-b93cf7ce47a7,1926,2,42,no,yes,moderate,380,1311,yes,31,no,45,9,no,yes
0a836218-f72b-4f57-9508-8135d8018eef,16473,3,70,no,no,minor,1431,2468,yes,6,no,405,38,yes,yes
631cfc99-103f-4a5c-b9c3-c9c0c2dda32c,583,3,65,yes,yes,minor,1386,1316,no,18,no,113,47,yes,yes
a0888bf4-1371-4371-8287-c9f3b1529a6c,18974,5,21,no,yes,minor,1443,2875,yes,31,no,321,49,yes,yes
3b66428b-decc-48d5-b61b-c69b144b6f18,5642,2,80,no,yes,none,383,1407,yes,17,no,341,14,yes,yes
b7e4c317-09eb-4451-8479-5dc49ae57fe0,16517,1,62,yes,no,minor,1746,2652,yes,27,yes,425,57,yes,yes
d028ea40-ab5d-4df7-af4a-4c0f8b4b4ceb,16776,5,47,no,no,severe,993,2519,yes,13,yes,10,57,no,yes
57f4dfc9-bd63-4db3-99e2-24babb2d0582,3192,1,24,yes,no,minor,1619,3210,no,17,no,124,59,yes,yes
3bd3e1d1-fe2c-474e-b55f-8cee392fec1d,13766,3,16,yes,no,moderate,752,1492,yes,40,yes,312,33,no,yes
a5626f74-169c-4448-9e8d-812829443fa3,2564,2,39,yes,no,none,1682,3210,no,26,no,296,2,no,yes
07a501ea-cee9-447a-a6b9-6534147e694f,11029,5,31,no,no,none,612,3370,no,1,yes,443,27,yes,no
4b4b0fa0-b11e-4b6b-96d0-e20ff511d44e,13590,2,35,no,yes,none,333,2605,yes,40,no,5,10,no,no
cff7d6fd-0fe4-4e05-91fc-4e2b517d564d,9342,4,23,yes,no,minor,327,3579,no,9,no,400,4,yes,yes
9851df6d-3ca3-42a1-8c67-d1a33e548d17,4946,3,98,no,no,none,1062,2680,no,34,yes,239,21,no,yes
05cced24-6ed2-459c-9ac2-dd2e2e76d0dd,15148,1,94,no,no,minor,1357,3615,no,27,no,271,49,yes,yes
54daa433-04da-414c-9de7-242759d558e8,3160,5,72,no,no,moderate,1413,3533,no,30,no,45,35,yes,no
5517a4a2-1720-4739-871b-0b9cf94ce384,19241,3,42,no,no,severe,1162,1261,no,13,no,447,41,yes,yes
b97d1816-4de7-4915-ac41-5e3ab9f1af65,6641,3,63,no,no,severe,973,3113,yes,22,no,290,6,yes,yes
e8479e9b-a83a-4590-81de-c8437e4f8bc0,2013,3,82,no,no,moderate,361,2366,yes,20,no,397,8,yes,yes
35ae8819-66cd-43e4-9410-e65820cdbd98,19726,2,59,no,no,moderate,1848,3409,yes,25,no,288,22,no,yes
96466ee6-a1e4-4050-92ca-79b05e9164d3,3954,3,78,no,no,none,481,1748,no,26,no,110,36,yes,yes
e97cb26f-92f5-418d-a894-60722507ed76,16973,5,59,no,yes,none,1342,3777,no,29,no,217,13,yes,yes
d3411036-cdbc-460d-98a7-5053c20e1752,19791,2,26,yes,yes,minor,1061,1587,yes,6,no,484,33,yes,yes
a8769fbd-6af5-48d1-96f6-152fb27a782f,3432,5,29,yes,no,moderate,1120,1874,no,30,no,266,0,no,yes
1bbf8e3a-1dd6-46e4-830d-421ed616f19e,6229,2,60,no,no,minor,1796,1775,yes,33,no,0,21,yes,yes
68329aaa-5c63-46ec-8c25-21eb3197bca7,6146,1,49,no,no,severe,997,2586,yes,9,no,263,30,no,yes
acf76e91-8295-4699-bada-4a4a5ba2aaca,5383,5,34,yes,no,none,1002,3536,yes,40,no,34,39,yes,yes
b4115c66-9d21-47c1-aaba-84a7a33f2332,3575,3,17,no,no,minor,1261,1941,no,17,no,311,22,no,yes
2ed96fa8-5afc-441d-9160-21fa27a0cb9a,3563,5,75,yes,yes,minor,572,2079,yes,34,no,309,23,yes,yes
d450301a-6ef6-47b2-91dc-8d84544e5a2e,936,2,44,no,no,none,370,1635,yes,36,no,397,59,yes,no
107238f8-7b4f-48c3-b0ca-24d87b4e98fc,8658,3,24,yes,no,minor,1967,2529,no,39,no,156,46,yes,yes
76f4fd50-dda8-4a86-87ab-302845e9fd3f,10168,1,10,no,no,none,782,1757,yes,27,no,460,55,yes,yes
e46bbefe-e2cc-4744-a8e2-e0d3df6d9b90,1896,2,70,no,no,severe,1481,2661,no,19,no,11,39,no,yes
abb8fe84-f34a-4f5a-8c55-4ffe8ffe9f6e,9765,1,15,no,no,moderate,832,3799,yes,6,no,62,14,no,yes
25283ff6-f19b-42a3-bcb5-a09e27591887,6667,1,48,yes,no,none,1132,1724,yes,34,yes,463,25,no,yes
154e3c00-c99d-4151-a366-3db4946656a0,3293,3,98,yes,no,moderate,853,2506,yes,20,no,236,29,yes,no
35eba761-77b0-4288-88c2-622fa49f46dd,7777,5,51,no,no,minor,1112,2695,yes,36,no,296,0,yes,yes
422d663b-4ca1-4557-9c31-a0c969f2d5ac,525,1,97,yes,no,minor,638,2146,no,7,no,324,51,no,yes
4bf3e0b2-3e5a-408a-98c3-9df1cc4c3881,2966,4,13,yes,yes,none,1633,1560,yes,12,no,32,54,yes,yes
f29020f1-e670-4d08-90d1-dbb4c80bb6ad,4684,5,20,no,no,minor,1820,3909,yes,38,yes,344,32,no,yes
080ff760-fef4-4689-8a77-7f98a9b7f7f0,19810,4,63,yes,yes,severe,406,2598,yes,9,no,369,33,no,yes
9b7f2eac-8177-4e43-8205-92feb6b2628b,15427,4,76,no,no,minor,305,2593,yes,2,no,478,24,no,yes
14b7e75c-6c81-4490-9d71-ae869e1b4568,13483,4,84,no,no,minor,794,3315,yes,26,no,15,37,yes,yes
ee2849c3-1832-40cb-91e8-543d14a98707,15803,5,65,no,yes,none,989,1462,yes,4,no,49,10,no,yes
010a0394-5f3b-4fde-bcce-a089e47ff5a6,5122,4,35,no,no,minor,1965,3122,yes,29,yes,228,38,no,no
b34c7d17-8151-44cb-a63f-31e0b72d8622,13794,1,89,no,no,none,907,2912,no,2,no,138,32,yes,yes
591a5b59-36a5-4dab-b803-e07b1de31ce9,12783,1,99,no,no,moderate,1797,2686,no,22,no,256,12,yes,yes
82c7f6b3-a018-49d7-93d6-f714e5971f89,12575,5,43,yes,no,minor,305,2947,yes,23,no,156,30,yes,yes
2766db19-e01e-4056-a6dd-78d2f824ddd9,11927,4,32,yes,no,none,824,1611,yes,32,yes,452,34,yes,yes
20cf06fa-ee11-4fb3-9faf-1ba91c886cda,18891,1,43,no,yes,none,1160,3677,yes,18,no,17,56,yes,yes
4d4b9d86-c94f-4a8d-890e-d2abb8ade423,3737,4,35,no,no,moderate,980,2616,no,27,no,125,14,yes,yes
3bed74a8-5045-4ca8-b2ec-15200cb24e1c,17488,3,26,yes,no,none,386,2580,no,11,no,263,14,yes,yes
40a8b338-cd9f-48ec-bb61-ec71afce4701,6324,3,91,no,no,moderate,1647,3900,yes,30,no,429,46,yes,yes
f1c4a113-0ec1-4c80-a0e8-d334bedf82a1,17693,5,69,no,no,minor,696,3245,yes,5,yes,326,47,yes,yes
b6a72a36-ae1e-4d82-bdf7-794d4ae1c77c,15434,4,21,no,no,minor,651,1984,no,25,no,499,29,yes,yes
a9bfc667-6969-49b2-91ca-c5adb034a6c6,7505,3,84,yes,no,minor,541,2291,no,12,no,264,42,yes,yes
c2c100fe-ef73-4418-93f4-53b49d86100c,10862,5,23,yes,no,none,1397,3072,yes,24,no,356,48,yes,yes
a887ea7d-982d-4638-8620-e76a0ea85dd4,18521,1,87,no,no,moderate,734,1296,yes,27,no,65,7,yes,no
77f07cc5-6f1e-466b-b761-01ce4dbe854f,7738,5,51,no,no,none,1194,3322,yes,12,no,439,39,yes,yes
b7fa4695-30b8-4756-aabe-e49a27e83549,9784,4,65,no,yes,minor,402,3595,no,39,yes,366,54,yes,yes
316cb8b5-0c6f-47d9-8cb7-fff5a84898d0,17722,5,37,no,no,minor,1283,2266,yes,18,no,426,0,yes,yes
c6a5972f-93a0-49b9-8d52-e22204167498,12534,5,81,yes,no,moderate,963,3496,yes,40,no,439,50,no,yes
13fca2c8-9e44-4873-ab66-8a2202c4be15,7678,4,61,no,yes,moderate,1713,2818,yes,27,yes,317,53,yes,yes
064d4478-24f5-4966-9913-6a751514b3bc,6117,4,30,no,no,severe,325,2648,yes,34,no,271,11,yes,yes
21dd0de0-d8c8-4afd-8cff-e789f4caa9e6,3321,1,83,no,no,none,985,2242,no,7,no,449,22,yes,yes
35489168-0e73-478d-af95-4d17ea8fdb24,13152,4,99,no,no,none,1037,3569,yes,39,no,275,38,yes,yes
448d45b6-6e5e-4ee0-abbd-befd37f1748b,16082,5,16,no,yes,none,973,2588,yes,18,no,285,29,no,yes
bcec387d-2153-4ef1-9b72-f8d39b85a478,19009,1,92,no,no,moderate,1331,2477,yes,23,no,217,33,no,no
fbaf8607-0351-4043-97e2-118d6f3c83fa,3234,4,99,no,no,none,1903,2446,yes,19,yes,152,15,no,yes
b7c352c1-2281-424d-8f9a-139f0277f437,11288,3,82,no,yes,none,1120,1544,yes,31,yes,415,4,yes,yes
a01302b8-7a0f-4f06-996c-5f7376aa4483,712,5,21,yes,yes,minor,963,2789,yes,16,no,349,41,no,yes
d910ad4f-8b24-47b1-af4f-ddd6026a188f,5972,2,62,yes,yes,minor,1132,3199,yes,30,yes,184,28,yes,yes
c0157b53-945e-4483-bbc1-5f42d03bc4c7,7979,2,11,no,yes,minor,1427,1245,no,15,no,160,59,yes,no
33b404fd-21b8-410c-87cc-9e320f7a453c,19093,1,69,no,yes,moderate,1131,2385,yes,7,no,493,14,yes,no
14f0b52a-6394-4b8e-b3dc-61f9d520687e,12694,4,74,yes,no,none,560,3763,no,12,no,278,36,no,yes
2dd07591-6305-42ec-8aaf-f09354efffb7,7447,5,31,no,yes,severe,633,2426,no,4,no,492,13,no,yes
3ff7a6ab-a7bc-4446-af8d-85e0b77ab4c4,18483,4,19,no,yes,moderate,937,3168,yes,40,no,69,0,yes,yes
2f3dc06c-5d04-4691-9e6e-41db26ebf812,11353,5,87,yes,no,none,776,1717,no,25,no,411,15,yes,yes
0c5babec-6746-4db0-85d4-14232ca81644,3884,4,62,no,no,severe,1175,2030,no,24,no,469,25,yes,yes
1dbf9fe9-027a-420c-acec-cd312fdda991,8764,4,19,yes,yes,none,1129,3599,no,19,no,140,29,no,yes
505bd291-70ea-4afd-9752-54a4ba1e76f3,16209,5,36,no,no,none,480,1354,no,4,no,398,60,yes,yes
165abe57-31a7-412d-b926-7375c60a0516,9439,3,74,no,no,none,307,3362,yes,7,no,192,47,no,yes
14c486e2-989c-438a-9000-a08abf5a35c1,15271,3,47,yes,no,moderate,565,3426,no,10,no,361,33,yes,no
bde27246-8116-4691-bb23-a0476a33c818,16828,1,16,yes,no,none,351,3526,yes,3,no,384,12,yes,yes
631fe23b-8b9b-4c3f-80f8-168f665af82a,7969,4,97,no,no,none,978,1236,no,1,no,410,32,yes,yes
45653f71-4674-4610-b490-fd5f91aa36a0,9978,2,21,no,no,minor,949,3048,yes,39,no,453,47,yes,yes
52f05248-700c-4fe4-b6a4-67dad7dc1599,10023,3,76,yes,no,moderate,472,2140,yes,12,no,409,48,yes,yes
48f35399-f79e-46bc-9969-37531d8a9445,9628,2,27,no,no,severe,650,1901,yes,15,no,268,58,yes,yes
5c1540c7-a635-4250-a5ed-b2346574afe8,19703,2,77,no,no,moderate,1603,3665,yes,19,no,311,33,yes,yes
d22cf5ee-9d1c-4441-ba29-8446156f2270,1879,5,27,yes,no,minor,1718,2322,yes,18,no,377,3,yes,yes
4613b22f-50ab-4d7c-83b2-412657abd0c9,3774,4,21,yes,no,none,647,1452,no,28,no,196,9,yes,yes
2e975772-cc5d-4035-a67e-af2504376261,6897,5,99,no,no,none,1724,3403,yes,40,no,329,0,yes,yes
8bf1350a-4a89-49d0-8ca1-be5b7492dac9,3266,1,33,yes,yes,severe,1970,3789,yes,35,no,342,6,no,yes
2514a3dc-01c0-479f-af0c-6d7547f78d11,12169,5,40,no,no,none,782,3802,yes,1,no,18,22,yes,yes
8c04968e-0ddb-4cb5-a1ae-1f345fb189da,13119,3,59,yes,no,severe,1579,3972,yes,2,no,78,43,yes,yes
cf9dcdbb-d163-4400-af39-a94ac91ff49f,17340,2,87,yes,no,none,1810,3049,no,5,no,228,42,yes,yes
822afb50-c76e-43b0-a4f1-12bbec2e38c9,16222,3,45,no,yes,none,484,1360,no,12,no,279,41,no,yes
6f04e4e0-9f50-42b8-87f8-aaf7e4265b54,4824,3,18,yes,no,minor,1590,3557,no,6,no,320,28,yes,yes
e2ba5935-4735-40ec-9092-413a4e720c8e,3440,3,68,no,no,severe,478,2129,yes,39,no,250,20,no,no
874fbb3c-52a9-473f-84f9-e9580a135b34,17390,5,41,no,yes,minor,435,3743,yes,32,no,428,16,yes,yes
4e40d264-8924-4611-b812-9172b8e0c721,8278,4,43,no,no,minor,1628,1887,yes,35,no,318,7,yes,yes
aaadaf5d-c445-4e87-9b7d-41eb2a51b2e4,3678,3,80,no,no,moderate,1599,3913,yes,2,yes,407,7,yes,yes
d5372e04-08df-45d0-aaae-b078bebb33e7,13650,5,67,no,no,minor,749,2595,yes,5,no,217,53,yes,yes
9e9b05ac-3f43-45b2-8e2b-493897e0984f,14952,4,82,no,no,none,1749,2596,yes,4,no,422,9,yes,yes
96fa2e59-7991-4856-899e-9a30df48d87b,15114,1,12,no,no,minor,478,3558,no,2,no,15,50,yes,yes
f431b736-22c9-4ef6-a45c-7cd23f929d0b,5839,5,46,yes,yes,none,1280,1720,no,33,yes,4,40,no,yes
86596d37-a744-408c-9aa8-4f115114c84b,18061,5,37,no,no,moderate,793,2371,no,2,no,436,26,yes,yes
1a6782c8-2e6d-4b61-83a6-2a4d07ae7790,10797,5,68,yes,no,moderate,1280,1684,yes,29,yes,182,58,no,yes
1f7d27f9-09c7-4581-9e37-e80af339f7ec,13366,1,92,yes,yes,none,1417,3657,yes,6,no,169,40,yes,yes
faf7d628-7a6c-40a0-aee1-b367e4e9dacc,16205,4,31,no,no,none,862,1865,yes,29,no,63,37,yes,yes
dfb2b5e9-065d-4d16-90e6-94207340eb0d,9806,4,69,no,no,moderate,800,1656,yes,37,no,167,50,yes,yes
e51a5f4f-c78e-46b0-b284-d5a15dbb9a3c,17218,3,35,no,no,minor,892,3247,yes,33,no,107,14,no,yes
3b70b173-e447-4464-8e29-47f4bab74b1f,15174,2,82,no,no,none,1703,1976,yes,40,yes,71,0,yes,yes
18d44f33-8e5f-4c1d-af41-16187e224f30,14648,1,43,no,yes,minor,1699,1744,no,2,no,90,9,no,yes
229baf5a-d5c0-4d17-bd33-818b6c150605,2508,2,34,no,no,none,311,1443,no,37,no,361,38,no,yes
ceb36583-347f-49d7-94b3-b6acd98af01d,8305,3,15,no,no,none,960,1991,yes,40,no,477,47,yes,yes
d72fa05c-ecd8-43ea-bb5d-f9b554f82050,9685,1,57,no,no,minor,1564,3601,yes,34,no,284,25,no,yes
962d001e-fe74-424b-a95d-7dd517c73f11,1429,5,53,no,no,moderate,840,1568,no,27,yes,133,59,no,yes
d22682bc-9e5b-4489-9d4d-bea157e49b8c,17590,2,89,yes,no,minor,1196,1996,no,28,no,339,57,no,yes
3c543873-abc9-46d4-9e10-17d0d98076c3,1454,5,42,yes,no,none,1101,3601,yes,25,no,494,25,no,yes
7882d6d0-e5f7-41d7-a429-d53e44b99e54,9751,2,27,no,no,none,387,1413,yes,39,no,115,22,yes,yes
78da743b-6fe2-41cb-8898-5c893b0aab33,19947,1,96,no,yes,minor,1365,3141,yes,34,no,470,60,yes,no
95a85a75-5ae0-4621-b372-8d18b338df86,3424,1,31,yes,no,severe,1815,1593,no,19,no,404,44,yes,yes
a10a89df-ecd3-455a-91e1-4e09cca61102,12953,1,19,yes,no,minor,806,1609,no,30,no,33,48,no,yes
8b7447bb-1e4a-47a6-af0e-b35bb05a48f0,13617,5,99,no,no,none,1092,3843,yes,2,no,260,48,yes,yes
ea066a50-4976-4b7c-ae98-5acbb05f2b28,8384,4,15,yes,no,none,1029,2321,yes,29,no,298,41,no,yes
58566726-1b20-4b31-b35f-2814a56aad65,12728,2,82,no,no,minor,1817,2966,yes,32,no,58,37,yes,yes
f9424b69-4077-41d0-8c58-e79c08f6fb4a,9596,3,71,yes,no,minor,1386,2985,no,24,no,480,20,yes,yes
ceb66455-4bda-484f-9d03-3331008f097e,19925,4,45,yes,no,minor,1994,2408,no,18,no,274,20,yes,yes
e8ba4e06-9514-43fe-8a04-8da93810b2ca,12673,1,76,yes,no,none,1824,1582,yes,25,no,111,22,yes,yes
539a6fdc-19df-4ec9-9d48-9e6d8b9f2766,9243,2,25,no,no,minor,1280,1516,yes,16,no,357,28,yes,yes
b39b225e-9e60-4e5a-a336-c26f1d8625bd,11649,2,64,yes,no,moderate,1994,1269,yes,38,no,92,25,yes,yes
441518d5-12b1-4ee1-a40a-12bddf164508,19816,2,47,no,no,none,1874,1559,yes,34,yes,416,17,yes,yes
8a223826-6c09-4fcb-b112-a8a3d0b312a5,5325,1,68,no,no,moderate,678,3621,yes,21,no,125,29,yes,yes
8304c9ed-6c74-4ce6-a39d-83712c598c0c,15282,4,57,no,no,minor,1729,3397,no,32,no,375,20,yes,yes
26ca8239-3279-4270-8e0b-84dbb1c993ed,13720,4,29,yes,no,moderate,534,1670,yes,17,no,443,33,yes,yes
444f1c84-70fe-4a97-b52c-5c1d6b613457,13070,5,81,no,no,minor,454,1526,yes,20,yes,31,15,yes,yes
f46d802a-5db0-4947-80b3-ad17cd296ea5,17878,5,92,no,no,none,1263,1866,yes,11,no,147,1,yes,yes
f7f09a58-c249-4473-a165-aa01fb4f0790,7098,3,59,no,yes,none,1645,2536,no,35,no,482,5,yes,yes
7721abba-b82e-4c66-92c5-1b48a8afa3cf,4653,3,45,no,yes,minor,1686,1617,no,37,no,430,55,no,yes
cb2c2e10-080e-4732-9538-b9d8bf696011,7804,4,86,no,no,minor,1798,1393,yes,1,no,25,17,no,yes
0092f0dd-e1d2-4f60-8620-db90d8846d12,5830,2,90,no,no,none,333,2841,no,11,no,485,41,no,yes
7679078c-74cb-4ac9-8bfc-97fb33193454,4796,4,48,no,no,severe,1319,2156,yes,28,no,94,16,yes,yes
d5bde6eb-8d0a-47ff-aaec-76e588c04e16,17477,1,92,yes,no,minor,1405,3777,no,30,no,46,27,yes,yes
32b4241e-f556-4fa8-82d6-87221879388f,9787,3,52,yes,no,none,1689,2125,yes,33,no,390,49,yes,yes
b848888b-bdfc-46a2-ab6f-206b86b6920e,14035,3,25,no,no,none,785,2676,yes,29,no,66,33,yes,yes
3535ee79-0bba-42de-93d9-07a9d043e2af,11253,1,15,no,no,minor,1323,1689,yes,36,yes,50,38,yes,yes
0cafa882-c8b5-4324-8f6b-98888ce83515,17153,2,34,no,no,moderate,1512,1217,yes,23,no,127,57,yes,yes
43d3a7b9-8a03-4a97-9712-7cd88f5a8595,17821,5,66,no,yes,none,1769,3880,no,28,no,450,27,yes,yes
bfafee58-1ff2-4cf0-861f-c1344179224c,10589,5,34,no,no,none,1957,3068,no,22,no,373,7,yes,yes
3abc4439-fb98-4e3d-91aa-9056a5a2443a,3979,3,50,no,no,none,1988,1502,yes,33,yes,479,29,yes,yes
4a2eb21f-e3d4-4d26-ae5f-7d193153f0ab,11064,5,30,no,no,minor,938,3778,no,29,no,308,44,yes,yes
6bb235c8-cefc-4ef8-9859-73457abf7795,6029,5,69,no,no,none,1796,3728,yes,29,no,251,51,yes,yes
4a5599c1-7792-408d-a4e0-f0e7cab487b5,6430,4,23,no,no,none,734,3647,yes,4,no,400,9,yes,yes
30204c0b-48ae-4aea-9650-67da1bd3ab3d,12228,3,62,no,no,minor,831,3770,yes,33,no,356,9,yes,yes
b324c5c0-449d-4f7e-a0f7-e73c7ac87ede,14685,2,19,no,no,minor,1111,2046,yes,9,no,444,48,no,yes
8c459efd-ca31-4d4a-a9c8-34b2deb43101,4963,1,26,no,no,moderate,456,3276,yes,15,no,208,14,yes,yes
c876fce0-923b-4ac6-a886-c17c19953394,14367,5,64,no,no,severe,760,3540,no,25,yes,442,53,yes,yes
d54f5d87-e34a-4c8a-b08a-315638f866b9,8157,2,40,no,no,none,1555,2564,yes,12,no,169,4,no,yes
1f4b7301-bc71-4612-8e8f-c5dd004e7d02,2281,2,35,no,yes,minor,1707,2047,no,29,no,5,0,yes,yes
62b9729b-24a5-401c-bc5c-86c751f85926,16836,4,53,no,no,severe,1196,3293,no,25,no,174,60,yes,yes
a7b2967e-08de-4b90-8f06-1874f2808e4c,7000,1,88,no,yes,none,1976,2023,no,15,no,241,21,no,yes
2cd1d215-7161-4cb5-bb38-eeaa30d5510b,4546,2,23,no,no,minor,1477,2967,yes,2,no,156,42,no,yes
ee4eb9d0-2ce9-494b-9b44-ea4b473a2cbe,16301,2,18,no,yes,none,842,3953,no,22,no,16,52,yes,yes
469ce955-f3e8-4524-83f9-795dd5cd5896,11813,4,82,no,no,none,1919,1779,yes,38,no,497,46,no,yes
15a0ea29-9cdf-47e4-aa6f-e338a8caebf5,15532,4,62,no,yes,moderate,624,3038,yes,33,no,364,5,no,no
d11ddba3-268c-4d07-9276-62ed674d95c7,4438,2,22,no,yes,moderate,1210,2483,yes,30,no,84,18,no,yes
4f0c2ed8-4539-4cc9-ac4f-8aeb16ec9200,10349,4,42,no,yes,moderate,578,2925,no,30,no,275,34,no,yes
90819d80-c4fc-47ed-bbf6-a7f077d3c45c,12622,3,76,no,no,moderate,844,3908,yes,39,no,320,19,no,yes
e5f72a5e-8991-4e0b-a646-952c33877c50,17113,3,39,no,no,none,1812,2485,no,17,no,352,49,yes,yes
2ace16d2-e1c9-4f6a-80e3-33acaef15e18,5028,4,34,no,no,minor,1504,3657,yes,26,no,84,28,no,yes
331eeb0e-3796-4588-80b0-e9eaf011dde3,5407,3,91,no,no,severe,516,1551,yes,3,no,410,51,no,yes
5a385bf8-f7f9-4a0f-8006-8667a3e8ea2e,17504,4,43,yes,no,minor,1081,2165,yes,4,no,117,30,no,yes
2684a9a8-ff1f-4f56-930d-506c2e075793,17589,4,12,yes,no,minor,408,1390,yes,12,no,82,15,yes,yes
bad89f86-e739-4112-bb29-650ee70269d8,13450,4,39,no,no,moderate,1793,3872,yes,29,no,78,29,yes,yes
9413bba9-cd61-4ed6-a35d-2324f67eddc2,10144,1,31,no,no,severe,632,3891,yes,17,no,149,57,no,yes
8a26a38f-b63a-434d-a745-051ca2edb560,16320,1,53,no,no,none,1742,3830,no,37,no,351,59,no,yes
a8bf2d7f-6d7e-4ec7-9ca1-2ea574851813,1335,4,51,no,yes,none,1244,2883,no,21,no,415,6,yes,yes
08fd111d-0c62-4962-afb3-cd2d25926a89,5151,1,52,yes,no,severe,995,3883,yes,7,no,325,2,no,yes
d4e0a6a3-ee42-4f7f-aa7a-1bea81d95d5e,3427,1,29,yes,no,none,523,3604,yes,22,no,308,60,yes,yes
60fde545-081c-4cf7-8eb8-d48ef46dc330,3942,2,77,no,no,none,1800,2970,yes,25,no,270,34,no,yes
6b81b45c-e77b-4ca4-bde8-0573131d3bec,10277,2,100,no,no,moderate,385,3918,yes,40,no,148,31,yes,yes
de461c40-a487-44cc-bbb4-b7f08480abb9,11872,5,31,yes,no,none,1733,2362,yes,10,no,162,34,no,yes
4b7ff129-18bb-44d5-8db0-1dbc8d52bb59,11941,2,11,yes,no,minor,935,2026,no,19,no,306,25,yes,yes
5b6cfc3e-e594-424f-95c5-cdd68d19a286,12106,5,85,yes,no,minor,1934,1582,yes,4,no,126,45,no,yes
1f0921c6-dd21-4bc7-bc8a-606792939d60,3983,5,16,no,no,moderate,757,2813,yes,1,no,34,57,no,yes
f72fde1c-cbc8-4a4a-a0fc-78e63b9544f3,12938,2,56,no,no,moderate,1178,3869,yes,4,no,499,5,no,yes
7a66f18a-d50e-48ff-8f18-955066b78c5a,19658,5,55,no,no,moderate,1324,3989,no,19,no,420,36,no,yes
57dd5fd6-7fc2-4097-a2fe-290ac79ec200,16196,4,50,yes,no,none,1524,3990,yes,11,no,199,18,yes,yes
221d704f-7f26-4a89-ac8a-76bdf00a736c,14891,2,71,no,yes,moderate,561,2470,no,25,yes,456,13,yes,yes
537b7240-f75c-428e-99ae-b64ec672260c,16611,2,97,no,yes,moderate,1154,2368,no,4,no,487,33,no,yes
45fadce4-963a-47b8-86ac-3b337ddab8e8,13423,1,63,yes,no,none,1950,3807,yes,28,no,165,3,yes,yes
4feda5e5-1705-4724-85df-80cbb29af3d4,1346,1,38,no,no,moderate,1724,3340,yes,29,no,315,8,yes,yes
793a8119-428b-433a-a8bd-b55a1b760e42,18190,1,83,no,no,none,753,3974,yes,14,no,91,27,no,no
16825194-3f56-46d9-994f-d3354c4422d6,6169,1,31,no,no,minor,418,1961,no,40,no,125,8,no,yes
699fba86-a67b-43dd-a8f8-e896b22faabf,4069,1,18,yes,no,minor,1551,3919,yes,1,no,71,54,yes,yes
8fff797d-71de-4da1-a0c4-7ecc47e4176d,7004,3,22,no,yes,none,1132,3502,yes,23,no,102,35,no,yes
f921b12a-ad22-45ab-85b5-ce2ce30b95fb,19263,3,62,no,no,none,1488,3096,yes,23,no,319,39,yes,yes
14ea0267-466a-42d4-aaf6-ce64e9fd877f,2753,4,87,no,no,severe,368,2230,no,8,no,155,36,yes,yes
163f02b5-1556-45a9-9d00-982076ae9d3b,2733,4,56,no,no,none,750,1494,yes,40,no,55,0,no,yes
3ebb7be0-fa40-4b6e-abe9-aaa6db928d90,16951,2,54,no,yes,minor,305,3027,yes,35,no,207,55,yes,no
03e754ab-bc2e-4e2c-b505-9c94e6d164ab,11150,3,55,no,yes,minor,1226,2218,yes,1,no,153,11,no,yes
4068a325-07fb-4639-8da0-49f067e965ea,13753,1,73,no,yes,none,905,2424,yes,29,no,104,46,no,yes
42a2a8d6-7b29-4c5f-aef9-65f3cd61cddd,16543,5,57,yes,no,minor,699,1980,no,2,no,359,34,no,yes
cace8ebc-f1df-4aef-8df5-8318148c5533,2162,4,19,yes,no,minor,595,2494,yes,3,yes,317,55,yes,yes
542f60c2-7058-4ca8-b837-c58d13fd9028,3808,2,10,yes,no,minor,853,1731,yes,16,no,298,23,yes,yes
1858f757-85b0-414e-82b1-c5038593547d,5621,5,30,no,no,moderate,1204,2816,yes,29,yes,283,32,no,yes
2de29764-bbda-4e02-8c83-20b5aaf64189,9659,2,43,yes,no,none,1914,2583,no,6,no,331,20,yes,yes
07f9c3b6-4382-48e2-8e1c-4b8eee761026,9789,4,33,no,yes,none,1644,2236,no,33,no,134,40,yes,yes
69da602a-5660-430c-931c-530294e9f770,3568,1,78,no,no,minor,799,3961,yes,38,no,17,42,no,yes
30272aa0-5c16-492e-8737-1f13c8b36ef0,10928,1,11,yes,no,none,1185,1269,yes,14,no,480,25,yes,yes
a8b2a2d4-ae00-473a-8f9d-cfef49f15aeb,18054,1,26,yes,no,severe,911,3666,yes,36,no,286,35,yes,yes
c67b87b5-ef81-41e8-9b2d-f784aa93453f,14999,1,45,no,yes,moderate,1715,1483,yes,12,no,290,36,yes,yes
a3288525-c86b-4a84-ae4a-449abd680fb6,7289,5,61,no,yes,none,1418,1612,yes,17,no,410,49,yes,yes
fabbf9a8-9d8b-4a64-8021-06fcd74f0c82,7796,5,57,no,no,none,1225,2257,no,12,no,118,43,yes,no
f63b5887-0d72-44e9-9358-943b46dd5185,3166,5,77,no,no,moderate,746,2806,yes,7,no,295,30,yes,yes
e42d7de0-0ccf-4ca9-ab66-37ec5edebf24,15806,4,27,no,no,none,1711,3955,yes,5,no,487,45,no,yes
41b7de76-f0fd-48d8-90f7-f32695d31fde,15783,4,95,no,no,none,1675,1258,yes,25,no,10,54,yes,yes
91b4097d-ce2c-4553-84dd-887f8fdc4b05,8545,5,28,no,yes,moderate,822,1509,no,8,yes,284,43,yes,yes
a2687271-b0f9-4660-8e49-f3b7da24e1bc,15774,3,75,yes,no,none,943,2761,yes,2,yes,446,3,yes,yes
7f7b953c-d102-43df-8d72-f34f40b00563,8041,3,42,no,yes,none,1240,1367,no,39,no,4,53,no,yes
376070df-32e2-4855-a4e7-216a3673acbc,2362,5,46,no,no,moderate,744,3916,no,27,no,399,24,no,yes
c0e5213b-aecf-4751-8994-c8ba3ac9aa8d,15821,4,54,no,no,minor,341,1868,yes,34,no,416,36,yes,yes
817c0e3b-80ff-4d73-9a91-9d50b3e1802e,2122,3,16,yes,yes,minor,1329,2178,yes,6,yes,449,28,no,yes
6d38adb1-9453-4299-b17a-046a82f0ecec,8337,4,78,no,yes,none,777,2524,no,40,yes,393,45,no,yes
c48aa2bf-1279-4f4e-9f23-80b6ad3621b6,17572,3,15,no,no,severe,1226,3994,yes,10,no,69,46,yes,yes
eccf8305-72f1-4f00-aabe-f3ffacac5d99,12535,5,85,no,no,minor,362,3089,yes,6,yes,315,48,yes,no
9ee44965-cfe6-4f79-81a0-1e8cc6dc8823,11365,4,95,no,yes,minor,827,3048,yes,22,no,327,39,yes,yes
d1fdfac8-e18f-4048-a29f-0f0b4bc7cc85,8633,1,43,yes,no,none,637,2151,yes,30,no,500,14,yes,yes
8afc59b6-882a-4373-976f-13ef44156b3a,9216,4,23,yes,no,severe,1780,1255,yes,24,no,247,18,yes,no
f2f310de-1da9-47ee-b502-a4191dee6363,8076,4,60,yes,no,moderate,845,2793,yes,37,no,167,57,yes,yes
33768986-75c3-4933-8ed4-46bb3c0776c1,14183,5,59,no,no,moderate,440,1801,no,24,no,74,37,yes,yes
1efc8c79-d18c-4107-9d29-3c15fff046fd,14046,4,22,yes,no,minor,756,2705,no,37,no,161,11,yes,yes
94938fbc-072e-4b15-a74a-6582326ac31b,5951,4,80,no,no,moderate,1056,1813,no,16,no,7,51,yes,yes
bf1c978e-e7dc-4d24-897b-4a633cfe7da2,1493,5,25,no,no,none,1020,3845,yes,11,yes,422,33,no,yes
faf2469c-c62c-49f1-af4c-39e2bc9e2e0a,14832,3,69,yes,no,none,1861,2460,no,7,no,25,6,yes,yes
5cee3524-10f5-4c59-a3d8-965e3e59d8ec,13281,2,76,no,no,none,412,2626,no,23,yes,198,36,no,yes
3fbdffec-e78a-428d-8d9b-112acfc870da,19312,4,80,yes,no,none,675,3760,yes,21,no,232,22,yes,yes
d2bbd7f1-8ea1-4bed-9595-d5639550599d,13567,5,48,yes,no,moderate,1163,2426,yes,39,no,118,48,no,yes
d40ec239-1be3-40ea-8511-2674ba9b17a2,8481,2,26,no,no,minor,1157,1268,no,14,no,347,52,yes,yes
266141e7-4454-4703-992f-a16152468c16,11313,3,29,no,no,none,328,3741,yes,36,no,282,36,yes,yes
ffb7ae80-bd30-4812-bf9e-6f19dcfc56d3,5007,3,86,yes,yes,minor,1665,3497,yes,4,no,142,50,no,yes
ca0a19bb-316a-4d4b-999c-ae583a827366,12904,4,45,no,yes,none,1769,1386,yes,5,no,416,36,yes,yes
d294ef00-40a9-45fa-bf98-a665f62fa4c0,10530,4,68,no,yes,severe,1135,2184,yes,36,no,338,39,no,yes
fcdc5e99-f15f-48a2-9e42-9f7d1f3bc09c,6396,1,39,no,no,minor,1157,2516,yes,10,no,98,4,yes,yes
f2b23dfd-9350-47ed-abe6-bbab94a59d8f,14996,1,63,no,no,severe,1514,2481,yes,34,no,122,51,no,yes
7b002d0d-3f5d-4f75-81ef-ee54c4174ef1,2506,4,82,yes,no,moderate,1037,2255,yes,16,no,61,23,yes,yes
d6092170-2890-407b-9309-bb8d87455596,1625,1,79,no,yes,none,393,1521,yes,12,no,265,10,yes,yes
1036bcc5-1ddc-4db1-a6c7-6c910d7852c4,6593,3,45,no,yes,moderate,313,2061,yes,30,no,440,49,no,no
f5805206-b035-4bba-9ff4-73771dffc540,15210,5,21,no,no,minor,500,1871,yes,35,no,367,37,yes,yes
71dc6327-4889-440d-92be-88466e5474e3,11654,1,84,no,no,none,387,3526,yes,25,no,305,21,yes,yes
7941893b-03ab-4b30-9391-4878bb019a8b,15229,2,26,no,no,none,827,1456,no,5,no,253,3,no,yes
ace1d82a-fa9d-4d67-bdaf-1874961dab7a,17571,3,97,no,no,none,650,2295,yes,26,no,299,45,no,yes
cb4c27ff-c1fb-47f2-91cf-7351ef7f711a,1591,3,62,no,no,severe,552,3638,no,7,no,471,3,no,no
cb629ea2-a578-4bf9-a486-859b228c81b9,19230,2,34,no,no,minor,1442,1788,yes,20,no,253,14,no,yes
1ac3f6ea-5be3-4f3e-901e-418ba6eb44ec,1104,5,89,no,no,moderate,891,2587,yes,38,no,153,38,yes,yes
d012f55a-d713-4d29-a940-88376784e86b,13913,3,70,yes,no,moderate,1075,3900,yes,11,no,387,15,yes,yes
8bfe06b2-5cef-4d50-bacd-799558e3dea6,7830,5,13,no,no,none,553,2120,yes,33,no,414,33,yes,no
b83dc2cd-fb54-406a-8d0c-d2dd1d9f3592,8847,5,82,no,no,minor,447,2312,no,14,no,5,57,yes,yes
73f2fe41-74c7-42dc-b62d-179c2f74c5a3,6796,4,50,no,no,none,1754,2806,no,2,no,171,10,no,yes
64ce0370-6e78-49cc-9d46-d1e22a9226b4,11490,1,75,no,no,minor,669,2177,yes,21,no,307,17,yes,no
a3072b3d-8a7c-4edf-bea0-9f2cb9c0385e,15324,1,26,yes,no,severe,1949,3417,yes,21,no,171,26,yes,yes
cf13aa2f-9dae-4530-a300-02d4c836556c,5951,3,75,yes,no,minor,1787,1328,yes,10,no,16,26,no,yes
006473b3-4734-40d2-9c49-20b780e05c6e,7360,2,36,no,no,none,1017,3317,no,27,yes,103,12,yes,yes
32cf35f9-a423-4810-b262-b87774f92fcf,1047,2,29,no,no,minor,776,1301,yes,15,no,237,34,no,yes
7a3a7a55-0da6-4a3b-805e-912490982183,7082,4,28,yes,no,moderate,787,1459,yes,36,no,179,37,yes,yes
e378698d-ca22-40b3-8f57-f3df244abb27,7125,2,67,no,no,none,355,3088,yes,15,yes,384,18,yes,yes
a11b6bcb-7fef-4415-bce6-321ec9431452,11785,3,29,yes,yes,minor,1725,1597,no,3,no,364,45,yes,yes
74ada7e4-6cd3-4428-8ef9-215e5d643ebd,7863,2,69,no,no,none,1282,1240,yes,34,no,15,55,no,yes
e962b79f-eb28-49ee-b4a4-77a8fe6c5864,16451,2,37,yes,no,moderate,1434,1292,yes,31,no,489,17,yes,yes
c0dbd0c8-8a37-4218-a66e-66f0cde5ff36,5175,5,35,no,no,none,1292,2438,yes,39,no,98,57,no,yes
fd01608c-7741-4442-b8e8-1f6fc7c94550,5834,5,21,yes,yes,moderate,1643,2050,yes,10,no,49,20,yes,yes
8219d472-506f-4fd1-98aa-9c990f31eee0,2018,4,21,no,no,minor,1156,3011,yes,2,no,160,1,yes,yes
b5d914f1-32b3-409d-a68a-d983331dc4ab,8928,3,17,no,no,severe,848,2917,yes,36,no,419,29,no,yes
b95be716-3cf1-4d0b-9477-fc2be6ade254,10394,4,44,no,no,minor,1967,2355,yes,18,no,260,46,no,yes
f54d5c56-da78-4011-977f-bf96e218bfdf,19203,2,16,no,no,none,361,2418,no,23,no,23,47,yes,yes
7ce856f5-b4e5-43a2-a1c5-229112d7e041,7464,5,18,no,no,minor,932,2743,yes,32,no,199,45,yes,yes
6461634c-d0d9-4632-9b3f-527203965505,3486,3,84,yes,no,none,1925,1965,yes,11,no,408,43,yes,yes
25fcd162-c778-4f9e-885b-ae131e81ad7b,847,4,41,no,no,severe,836,3974,yes,12,no,214,14,yes,no
d942e265-f4bc-466f-86b0-0dd0d05e7b5a,2721,4,50,no,no,minor,1894,1413,no,6,no,45,37,yes,yes
ddad384e-0450-400d-9e4d-964257285469,14318,5,43,yes,no,minor,883,2595,yes,24,no,174,30,no,no
0914a724-9c9d-4836-928e-8a10feb77ebd,9236,4,23,yes,no,minor,1722,1718,yes,8,no,288,12,yes,yes
cd05a68c-63c5-4d37-9ebc-6f5fecea8671,12768,1,36,no,yes,minor,709,2284,no,38,yes,427,55,yes,yes
7392650c-d877-456b-aa04-e84ee76dfa77,13202,4,92,no,no,severe,1122,2688,yes,31,no,329,23,yes,yes
4f741eeb-a708-47e6-a4c1-4a1aae1c8886,14906,4,71,no,no,moderate,881,2491,yes,40,no,384,30,yes,yes
ae3b8470-4209-4adf-a2fd-975732a87d3b,13824,4,24,yes,yes,none,1614,2624,yes,25,no,292,40,yes,yes
a82a524b-4641-4b97-8a0e-4ff7ddcb8b81,18274,3,50,yes,yes,minor,1037,3028,yes,32,no,468,21,no,yes
9d06875c-5065-4980-84c2-2489b6dfbe82,16843,5,70,no,no,none,1884,1989,yes,37,no,0,21,no,yes
eafbae6f-755b-4ba7-af7d-0daec46fca2b,16470,5,34,no,no,minor,464,1741,yes,31,no,121,6,yes,no
223a3764-bfc2-4706-82d2-10532057ca02,8252,4,25,no,no,minor,1126,3924,yes,14,no,63,54,no,yes
03386d7a-3bf7-45ca-ae79-3a36ade49352,4149,2,46,no,no,none,325,3292,no,3,no,239,20,no,yes
2264ac9b-1f32-4622-ad09-ad7a3f4694f7,10181,4,13,yes,no,none,300,1213,no,35,no,367,48,no,yes
26b8b59b-2148-4b24-ac51-f6f07cb076c7,7825,3,99,no,yes,none,1012,3191,no,37,no,218,25,no,yes
b7fddf00-20c1-4efe-b85a-2122a4e4263b,4335,4,21,no,no,none,1355,2270,no,23,no,243,34,yes,yes
64ce9a19-6c2a-4695-b8cb-952d49222584,10048,2,99,yes,no,none,1896,3957,no,11,no,77,37,no,yes
0a87ee6e-1187-4b73-9d61-aefcd3756032,6706,3,62,yes,no,severe,1628,3759,yes,22,no,435,44,yes,yes
7a06dcd4-72fd-48e4-ac81-900120734ecc,7592,3,98,no,no,minor,857,1640,yes,19,no,157,27,yes,yes
a93fda00-906e-41c7-a19c-aa88862d7f5a,17149,2,31,no,no,none,778,1904,yes,23,no,405,28,yes,yes
071c61ee-ffe1-4aae-8b3e-45af211f9030,17349,3,74,no,no,none,626,3296,yes,10,no,237,50,no,yes
51a3dcd3-e0ab-4c2d-8173-021a15e6b02d,6642,5,49,no,no,moderate,1292,1953,yes,18,yes,319,3,yes,yes
ff55fd66-411a-4906-82cd-f9ef55ef7075,13572,4,79,no,yes,minor,1570,2819,yes,7,no,234,16,yes,yes
75e96600-adf4-4d44-a16b-83d693118796,580,4,83,no,yes,none,813,2957,yes,8,no,210,32,no,yes
93fc803a-f5c4-463f-a136-91726517947f,19693,1,61,no,no,minor,607,2821,no,18,yes,299,52,no,no
72c7515b-f6f1-44d3-b37d-fc5f877a99f0,11076,3,34,yes,no,none,1771,2149,no,15,no,463,1,yes,yes
8f69bbfb-4479-44b9-ade2-e8f8a2f781d0,5422,3,61,yes,no,moderate,1056,2206,yes,28,no,80,25,yes,no
6554f5fd-4d30-4fa7-9440-5026c10368b9,11672,2,62,yes,no,minor,1433,3887,no,15,yes,406,52,yes,yes
9719aab7-a762-49e5-90a2-a3a03fccf586,12644,2,19,yes,yes,minor,1283,3751,yes,10,no,391,8,yes,no
0fb513d7-b871-461d-96a1-4bcbaa0c8bc6,7854,3,38,no,yes,minor,1670,2533,yes,13,no,115,56,no,yes
d98e9503-948d-49f4-84d0-624fa9edebcd,8869,3,65,no,yes,minor,1324,2793,yes,11,no,111,26,no,yes
0654b5ff-9c3e-4ccd-b7ca-0efa685928cb,19507,4,13,yes,no,none,1811,3741,yes,21,no,136,22,yes,yes
dc7c601a-c1b7-44d7-af97-9304274a6122,13425,4,39,no,no,minor,1381,3462,yes,21,no,96,46,no,yes
b46c0be0-05c0-43f3-8e47-12c0749ed94a,9026,1,38,no,no,moderate,1662,2676,yes,7,no,173,22,yes,yes
c2fd6739-0218-413c-8f23-8bcea75df14f,8309,2,95,yes,no,none,1417,1285,yes,37,no,449,10,yes,yes
d2023c16-615e-405b-856d-6c4be81e22b6,11121,1,28,yes,no,minor,1481,1315,no,24,no,460,39,no,yes
01d2dcfd-ea4e-4b10-aeed-c6c70dcd0732,15690,5,20,yes,no,minor,1524,1204,yes,37,no,151,51,no,yes
05d2649c-d744-464d-8f40-63ee80fab36b,12068,5,56,no,no,minor,1108,2715,yes,39,no,486,55,yes,yes
f081320b-c890-4d12-a8fe-6cb990013ea2,19477,5,68,no,no,none,1650,3762,yes,10,no,459,59,yes,yes
ebf80cba-37ec-4917-a96a-01b69f2ebc21,19788,3,51,yes,no,minor,851,2643,yes,20,no,231,12,no,yes
bf1978e7-88b3-4bdd-bca3-970a601c69ee,6768,4,30,yes,no,severe,1908,3276,yes,35,no,418,4,no,no
09ebf47f-7c97-4ddb-b916-54c7061d39bb,16306,5,17,yes,yes,minor,1125,1844,no,7,no,220,55,yes,no
7c8bebb9-ec6a-42f8-814d-9f8ec8050603,9126,4,56,no,no,minor,900,3690,yes,9,no,244,24,yes,yes
d6914359-fb50-4aec-9dc7-a7847727856b,3686,3,24,no,no,none,774,2296,yes,4,no,440,45,yes,yes
edd119af-95ae-436a-a342-8eeaf454e6d8,15254,1,84,no,no,minor,484,1742,yes,22,no,417,49,no,yes
899962d6-6810-41e4-a1bc-467a7c4e4061,6318,5,76,yes,no,severe,868,2755,yes,13,no,140,33,no,yes
608945e8-c3c6-4dfc-b13e-5f2af58b7e91,3211,5,57,yes,no,none,756,3452,yes,23,no,445,19,no,yes
c451992a-68c9-4f92-87d2-c4d9f2c75165,19896,1,31,yes,yes,moderate,537,2263,yes,27,yes,227,30,yes,yes
e8e3898f-7ca7-4e44-8d51-346ca26af32c,14014,1,32,yes,no,moderate,1171,1461,yes,30,no,200,7,yes,yes
9172f16b-21e1-460a-b8f7-581aad8b0964,3118,2,28,no,no,minor,763,1204,no,11,no,30,37,no,yes
3d0a1f57-3ba7-4d97-ac40-fee86032b4ad,19841,2,48,no,no,minor,1451,3980,yes,15,no,192,33,yes,yes
3fe9aaa1-ff86-4da5-911c-0cd01e8f7441,12904,1,13,yes,no,minor,1113,3203,yes,38,no,490,6,yes,yes
aadec5fb-5efb-42d2-874c-7986b3d30896,2746,4,50,no,no,severe,503,2935,yes,25,no,101,58,no,yes
e95ebc7c-8282-4482-931e-542ccf78d72d,7219,4,13,no,no,none,1182,2487,yes,39,no,380,41,yes,yes
81f61935-8201-47ac-b16c-c3efd106e6b7,7257,3,95,no,no,none,918,2871,yes,33,no,41,7,yes,yes
1d256098-3eef-4f50-8bf4-6134754ff841,9151,2,48,no,no,none,1684,3302,yes,34,no,178,52,no,yes
eada5dd5-3d4b-4b40-8b6e-5cef31075df3,18661,2,65,yes,no,moderate,1365,1477,yes,15,no,408,45,yes,yes
90ef6c66-a038-4f73-9901-9bbf9217119b,3868,3,94,yes,no,minor,1211,2201,yes,24,no,124,54,no,yes
336f91f4-c762-4454-9084-76f19e738320,14487,2,36,yes,no,severe,1316,3450,yes,32,no,169,43,yes,yes
ec7d50af-8429-4efd-b343-48435e20be33,7284,2,29,yes,yes,minor,1463,1558,yes,19,no,479,20,yes,yes
ab00ec34-f80e-4aec-99e2-6d1bc1b8f3ee,14613,3,81,no,no,none,1030,1573,yes,37,no,147,18,no,no
123167bb-0265-4199-9094-b611d3c0b794,13926,3,100,yes,no,none,1747,1217,yes,12,yes,136,17,yes,yes
0596c38c-4d93-43ec-8d90-8b65ec3bed4a,9616,2,40,no,yes,minor,393,1270,no,12,no,291,13,no,yes
022332d5-3a57-4928-96a5-fc77539ec1d0,10472,1,38,no,no,none,304,2355,no,8,no,190,4,yes,yes
c9673cb5-a628-4e89-84a1-785883e3fb4a,1920,1,91,no,no,none,1809,3933,yes,40,no,377,14,yes,yes
b15a171b-5f79-43da-a0f7-bb45c6996154,1779,3,54,yes,yes,severe,749,3632,no,5,no,228,3,yes,yes
99db3ffc-ca64-444c-beab-1a62c0e97400,13122,1,75,yes,no,none,654,3005,yes,9,no,275,38,yes,no
4005eb34-6e6e-431c-9591-415b10b051a2,2999,5,62,no,no,minor,1033,2390,yes,26,yes,404,24,yes,yes
bd4f854e-6af1-4789-82d7-5199ef9d3630,12361,3,95,no,yes,none,1009,2831,yes,21,no,257,39,yes,yes
f6196f6a-aeb5-4b0a-8e3d-ae3b56ff552b,18505,1,62,no,no,none,923,2918,no,23,no,478,52,yes,yes
ef0f7094-b04a-454d-b853-b3b09969b537,14222,2,84,no,no,minor,632,2365,yes,8,no,251,14,no,yes
5dfc916a-708e-44f5-abae-ad166f6e0600,16874,2,92,no,no,none,1803,2097,yes,2,yes,190,51,no,yes
b6c98168-9985-4414-afa0-88bd0d60ff16,11093,1,81,yes,no,minor,562,1262,yes,3,no,64,35,yes,yes
8d5bfbc7-23c7-4ee5-9577-ed7f5b186dcf,10276,3,23,no,no,moderate,653,1287,yes,31,no,4,18,yes,yes
ec2550c4-60ff-4d41-86c6-192138ef5c39,10567,3,18,no,yes,none,1495,2121,yes,34,no,157,49,yes,yes
2292ff5e-bc62-4d3f-9477-75ea6d08dae0,4865,3,58,yes,no,none,628,2317,yes,12,no,30,9,no,yes
971b6236-434f-47c2-8003-9a41e4b58c82,13936,1,22,no,no,minor,805,2495,yes,11,no,318,11,yes,yes
bd29b659-e1fb-4ffa-adbc-ba5a72e67550,12208,3,24,no,no,minor,485,1702,yes,5,no,7,4,yes,yes
791777bb-1d5b-43ee-97ea-3e114f4eb46b,8776,3,28,yes,no,minor,1147,1312,no,28,no,493,4,yes,yes
c53ccc8f-079a-49b5-a617-52aa9423e8a5,7638,5,11,yes,no,severe,1570,3760,yes,30,no,4,56,yes,no
2170161b-a478-4097-9a23-0c52b9f91b49,15024,2,96,no,no,none,434,3686,no,6,yes,354,23,no,yes
e1705ee8-112d-4943-89f3-5b4ffb51f5ba,18418,3,63,yes,yes,minor,602,2857,yes,5,no,202,10,yes,no
fd1c1379-c197-4d94-8fbd-7b1d9b6a2bc3,11516,2,27,no,no,moderate,1375,2222,yes,38,no,32,33,yes,yes
1258f1d9-0d92-49af-bcac-c3c05706cfac,11203,4,27,no,no,moderate,1587,2667,yes,22,no,406,40,no,yes
95b192a2-72be-420b-8297-7fe4c800926f,5491,3,57,no,no,minor,498,2760,no,31,no,209,16,yes,yes
d9750686-4727-4fcf-a2c8-5e1a86f7e712,7945,3,36,yes,no,none,1920,3522,no,36,no,294,11,yes,yes
c7b7dcf2-06f2-4f6b-a060-0ac7cd5c8f07,18578,4,98,no,no,none,1299,1359,yes,19,no,458,3,no,yes
a0e81107-9551-4bc3-b099-4ee58d0140bc,18885,3,41,yes,yes,none,1266,3093,no,6,no,24,15,yes,no
76f2e76d-faad-4a21-8244-ff647416df19,3627,1,75,yes,yes,minor,823,1206,yes,26,no,26,59,yes,yes
4aee018a-fd61-41fd-a380-0e7cf2051ab9,2498,1,58,no,no,none,1705,3245,yes,26,yes,440,26,yes,yes
66a0fe47-f8e9-447c-8d35-688b464150a4,750,1,90,no,yes,none,1384,3136,yes,9,no,421,44,yes,yes
